trace,n,footprint,c,frac,policy,seed,hit,hit_1st,hit_2nd,req_per_s,p50_us,p99_us,train_share,override_pct,bypass_pct,active_pct
lifecycle,1000000,70838,71,0.001,LRU,0,42.599399999999996,41.445,43.7538,1719346.568666797,,,,,,
lifecycle,1000000,70838,71,0.001,LFU,0,9.109499999999999,9.213799999999999,9.005199999999999,549187.3477928607,,,,,,
lifecycle,1000000,70838,71,0.001,LFU*,0,19.0491,22.6174,15.4808,292683.6667621113,,,,,,
lifecycle,1000000,70838,71,0.001,ARC,0,50.871599999999994,49.843199999999996,51.9,786311.1816093784,,,,,,
lifecycle,1000000,70838,71,0.001,S3-FIFO,0,51.5273,50.4716,52.583,770919.9734952741,,,,,,
lifecycle,1000000,70838,71,0.001,SIEVE,0,46.6681,45.352199999999996,47.984,1846381.161237744,,,,,,
lifecycle,1000000,70838,71,0.001,Belady,0,62.5305,61.8136,63.2474,,,,,,,
lifecycle,1000000,70838,71,0.001,TIDE-oracle,0,56.2573,55.38999999999999,57.1246,25730.864003290473,,,,,,
lifecycle,1000000,70838,71,0.001,TIDE,0,51.736000000000004,50.68620000000001,52.7858,14611.72361521288,72.734,110.6813,0.1982209569522747,95.75686618656563,74.92653955010803,99.5078
lifecycle,1000000,70838,71,0.001,TIDE,1,51.70479999999999,50.6292,52.78040000000001,18147.717013332498,61.837,87.04947999999999,0.19403810010188094,94.70513507819328,76.73830646927652,99.1078
lifecycle,1000000,70838,71,0.001,TIDE,2,51.7493,50.6644,52.834199999999996,46230.13199891257,21.649,62.91712,0.20756513000839882,95.53683410929716,80.26916310683258,99.1078
lifecycle,1000000,70838,708,0.01,LRU,0,76.5599,76.2916,76.8282,2132249.9820380774,,,,,,
lifecycle,1000000,70838,708,0.01,LFU,0,21.163899999999998,22.9234,19.4044,550753.9270782961,,,,,,
lifecycle,1000000,70838,708,0.01,LFU*,0,36.6854,41.1964,32.1744,308144.6964382045,,,,,,
lifecycle,1000000,70838,708,0.01,ARC,0,76.6802,76.39280000000001,76.9676,1053040.4124666154,,,,,,
lifecycle,1000000,70838,708,0.01,S3-FIFO,0,75.7482,75.3866,76.1098,990364.3942194176,,,,,,
lifecycle,1000000,70838,708,0.01,SIEVE,0,70.0255,69.486,70.565,2040336.938960415,,,,,,
lifecycle,1000000,70838,708,0.01,Belady,0,87.267,87.09519999999999,87.4388,,,,,,,
lifecycle,1000000,70838,708,0.01,TIDE-oracle,0,79.855,79.5642,80.1458,43003.71186891559,,,,,,
lifecycle,1000000,70838,708,0.01,TIDE,0,77.0926,76.74119999999999,77.444,23744.6627513731,82.042,113.278,0.19112132739635962,79.1647962821156,25.20178148627358,98.4765
lifecycle,1000000,70838,708,0.01,TIDE,1,77.0588,76.6536,77.464,28424.388786742795,67.892,106.545,0.18377262872387817,77.39273347278129,25.250478986131373,98.4765
lifecycle,1000000,70838,708,0.01,TIDE,2,76.9783,76.7232,77.2334,37099.21429515762,55.0265,96.31107999999996,0.1909116053156859,81.2496523335373,27.855036991711632,92.8125
lifecycle,1000000,70838,7084,0.1,LRU,0,92.69619999999999,92.4428,92.9496,2230973.413749816,,,,,,
lifecycle,1000000,70838,7084,0.1,LFU,0,31.436199999999996,37.354,25.518400000000003,444407.57402203407,,,,,,
lifecycle,1000000,70838,7084,0.1,LFU*,0,62.428,70.2308,54.62519999999999,304869.4388212485,,,,,,
lifecycle,1000000,70838,7084,0.1,ARC,0,92.67800000000001,92.3908,92.96520000000001,1210900.2239969075,,,,,,
lifecycle,1000000,70838,7084,0.1,S3-FIFO,0,90.8266,90.6868,90.96640000000001,1073725.9515202944,,,,,,
lifecycle,1000000,70838,7084,0.1,SIEVE,0,91.143,90.86800000000001,91.418,1538268.7673517845,,,,,,
lifecycle,1000000,70838,7084,0.1,Belady,0,92.9162,92.6224,93.21000000000001,,,,,,,
lifecycle,1000000,70838,7084,0.1,TIDE-oracle,0,92.7049,92.412,92.9978,81445.19302070691,,,,,,
lifecycle,1000000,70838,7084,0.1,TIDE,0,92.6764,92.38,92.9728,60749.257913687914,71.51,87.898,0.2011958240053329,99.32102202425142,0.09125216530561742,89.3515
lifecycle,1000000,70838,7084,0.1,TIDE,1,92.5783,92.1846,92.972,64064.927518202145,70.435,104.76008000000003,0.20343944890012336,99.67214195100252,1.0445326787155873,83.6843
lifecycle,1000000,70838,7084,0.1,TIDE,2,92.49589999999999,92.01700000000001,92.9748,58481.69793253798,72.114,92.30861999999993,0.20216231497662013,99.5491683213437,2.701734969564793,83.6843
cycle,1000000,27274,27,0.001,LRU,0,7.791099999999999,7.7752,7.807,1564444.406394827,,,,,,
cycle,1000000,27274,27,0.001,LFU,0,17.1586,17.1208,17.1964,581270.5101805191,,,,,,
cycle,1000000,27274,27,0.001,LFU*,0,17.6692,17.6678,17.6706,330467.6883913668,,,,,,
cycle,1000000,27274,27,0.001,ARC,0,17.278299999999998,17.2808,17.2758,653877.6686373698,,,,,,
cycle,1000000,27274,27,0.001,S3-FIFO,0,17.3764,17.37,17.3828,645541.0717139038,,,,,,
cycle,1000000,27274,27,0.001,SIEVE,0,17.2334,17.205000000000002,17.2618,1760052.9742139836,,,,,,
cycle,1000000,27274,27,0.001,Belady,0,18.7109,18.712400000000002,18.709400000000002,,,,,,,
cycle,1000000,27274,27,0.001,TIDE-oracle,0,17.9493,17.9512,17.9474,18196.226254500463,,,,,,
cycle,1000000,27274,27,0.001,TIDE,0,17.4147,17.408199999999997,17.4212,13291.387324435806,49.757,93.15482999999996,0.21613009962963062,45.98393915625933,33.97752356067983,99.7405
cycle,1000000,27274,27,0.001,TIDE,1,17.391499999999997,17.3738,17.4092,32993.57728178729,15.577,48.014,0.24227307725127764,38.73739151544577,35.58657522607271,99.7405
cycle,1000000,27274,27,0.001,TIDE,2,17.4149,17.410600000000002,17.4192,40509.56824505142,13.229,28.914849999999976,0.23853089964682295,56.60271291475639,50.79430219908307,99.7405
cycle,1000000,27274,273,0.01,LRU,0,16.1305,16.1328,16.1282,1531333.4732719837,,,,,,
cycle,1000000,27274,273,0.01,LFU,0,22.4297,22.0836,22.7758,590768.4571352487,,,,,,
cycle,1000000,27274,273,0.01,LFU*,0,21.7252,21.6868,21.7636,391660.94028008264,,,,,,
cycle,1000000,27274,273,0.01,ARC,0,22.8716,22.5696,23.1736,643821.3021393344,,,,,,
cycle,1000000,27274,273,0.01,S3-FIFO,0,22.7591,22.4422,23.076,674981.1324042098,,,,,,
cycle,1000000,27274,273,0.01,SIEVE,0,22.4297,22.0836,22.7758,1682984.9646205953,,,,,,
cycle,1000000,27274,273,0.01,Belady,0,25.2735,25.257,25.290000000000003,,,,,,,
cycle,1000000,27274,273,0.01,TIDE-oracle,0,23.6126,23.5722,23.653,17743.85005198817,,,,,,
cycle,1000000,27274,273,0.01,TIDE,0,23.64,23.3798,23.900199999999998,17284.12378645096,60.127,98.72987999999988,0.2483986870159017,96.83603257113668,73.82891139088369,39.1366
cycle,1000000,27274,273,0.01,TIDE,1,23.397100000000002,23.2382,23.555999999999997,30583.37562753836,26.855,78.61804000000004,0.2612082709917663,97.08227480282275,86.0453300124533,39.1366
cycle,1000000,27274,273,0.01,TIDE,2,23.460900000000002,23.237,23.6848,51065.06000667689,24.329,32.439440000000005,0.30385836889065815,97.17436301627173,89.7861620395265,17.5366
cycle,1000000,27274,2727,0.1,LRU,0,21.6505,21.6526,21.648400000000002,1039735.2274322597,,,,,,
cycle,1000000,27274,2727,0.1,LFU,0,24.9039,24.4904,25.3174,541062.8126806458,,,,,,
cycle,1000000,27274,2727,0.1,LFU*,0,21.792,21.8024,21.7816,293662.0775904268,,,,,,
cycle,1000000,27274,2727,0.1,ARC,0,25.0351,24.5724,25.497799999999998,467374.7296297277,,,,,,
cycle,1000000,27274,2727,0.1,S3-FIFO,0,40.3452,42.5834,38.107,521892.86909182643,,,,,,
cycle,1000000,27274,2727,0.1,SIEVE,0,24.9039,24.4904,25.3174,913532.3413909076,,,,,,
cycle,1000000,27274,2727,0.1,Belady,0,67.9899,67.8574,68.1224,,,,,,,
cycle,1000000,27274,2727,0.1,TIDE-oracle,0,59.53960000000001,59.7646,59.3146,31679.786918002836,,,,,,
cycle,1000000,27274,2727,0.1,TIDE,0,59.425700000000006,58.926,59.925399999999996,18123.51634124926,63.05,102.46143999999994,0.20069335640932673,86.53761525970266,21.280614752727246,97.8184
cycle,1000000,27274,2727,0.1,TIDE,1,59.3113,58.8438,59.7788,21286.901949079052,63.377,99.25477999999997,0.20311396168260135,86.60792408967394,19.993431231926266,97.8184
cycle,1000000,27274,2727,0.1,TIDE,2,59.836999999999996,59.9234,59.7506,34422.80435942722,25.77,69.87134999999998,0.20748960758838736,87.10159025765607,28.165559503311087,97.8184
phases,1000000,201812,202,0.001,LRU,0,22.1575,22.242600000000003,22.072400000000002,1204986.3608074,,,,,,
phases,1000000,201812,202,0.001,LFU,0,19.5546,19.542,19.5672,577100.3792508076,,,,,,
phases,1000000,201812,202,0.001,LFU*,0,26.932000000000002,26.900800000000004,26.963199999999997,320043.47788078734,,,,,,
phases,1000000,201812,202,0.001,ARC,0,28.898000000000003,28.954200000000004,28.8418,691478.1711578404,,,,,,
phases,1000000,201812,202,0.001,S3-FIFO,0,29.0995,29.181400000000004,29.017599999999998,689244.2616225447,,,,,,
phases,1000000,201812,202,0.001,SIEVE,0,28.7372,28.9462,28.5282,1767536.2110550373,,,,,,
phases,1000000,201812,202,0.001,Belady,0,35.0317,35.0924,34.971000000000004,,,,,,,
phases,1000000,201812,202,0.001,TIDE-oracle,0,31.6482,31.6986,31.5978,19091.123434606074,,,,,,
phases,1000000,201812,202,0.001,TIDE,0,29.113,29.243599999999997,28.982400000000002,12559.850130016473,69.468,102.40863,0.1983365094893981,50.019046590233934,43.87879545952031,99.1059
phases,1000000,201812,202,0.001,TIDE,1,30.857,30.9166,30.797400000000003,32896.13619937382,24.478,62.48742999999982,0.22238112147296524,99.17251401896597,95.7994480490884,98.3059
phases,1000000,201812,202,0.001,TIDE,2,30.9527,31.058000000000003,30.847400000000004,42762.07188778002,19.217,30.70423999999999,0.2212893837198667,99.09345751804045,96.37485906476333,98.3059
phases,1000000,201812,2018,0.01,LRU,0,35.7574,35.819,35.6958,1510830.1220890568,,,,,,
phases,1000000,201812,2018,0.01,LFU,0,34.078900000000004,33.455400000000004,34.7024,564821.6703166943,,,,,,
phases,1000000,201812,2018,0.01,LFU*,0,33.860299999999995,34.9634,32.7572,320292.8491327564,,,,,,
phases,1000000,201812,2018,0.01,ARC,0,39.652100000000004,39.787800000000004,39.516400000000004,753640.7730078083,,,,,,
phases,1000000,201812,2018,0.01,S3-FIFO,0,39.4988,39.657399999999996,39.340199999999996,755413.2612135473,,,,,,
phases,1000000,201812,2018,0.01,SIEVE,0,36.417300000000004,37.7652,35.0694,1704451.7949178312,,,,,,
phases,1000000,201812,2018,0.01,Belady,0,63.370099999999994,63.3348,63.4054,,,,,,,
phases,1000000,201812,2018,0.01,TIDE-oracle,0,56.8879,56.736799999999995,57.038999999999994,27932.64725391955,,,,,,
phases,1000000,201812,2018,0.01,TIDE,0,55.7388,55.2976,56.18,18707.552723054476,67.767,103.87780000000005,0.18462457391459508,96.39301854689076,74.91229555947349,86.5904
phases,1000000,201812,2018,0.01,TIDE,1,46.9848,39.9306,54.039,24259.092411938305,34.199,78.299,0.2128305825500354,72.28198527382065,61.10751010610129,89.8192
phases,1000000,201812,2018,0.01,TIDE,2,47.9668,56.0698,39.8638,41675.260020196685,20.278,60.837,0.2052837485048612,98.57230470811405,86.38789219851219,93.048
phases,1000000,201812,20181,0.1,LRU,0,73.092,72.9058,73.2782,1763639.1763197673,,,,,,
phases,1000000,201812,20181,0.1,LFU,0,73.5012,72.4328,74.56960000000001,570053.0961757521,,,,,,
phases,1000000,201812,20181,0.1,LFU*,0,73.9572,72.6482,75.26620000000001,448718.8253019083,,,,,,
phases,1000000,201812,20181,0.1,ARC,0,72.9303,72.7328,73.1278,924223.5156245329,,,,,,
phases,1000000,201812,20181,0.1,S3-FIFO,0,73.27470000000001,72.4046,74.1448,1000513.6527026716,,,,,,
phases,1000000,201812,20181,0.1,SIEVE,0,73.5012,72.4328,74.56960000000001,939054.9523373244,,,,,,
phases,1000000,201812,20181,0.1,Belady,0,77.96419999999999,76.05720000000001,79.8712,,,,,,,
phases,1000000,201812,20181,0.1,TIDE-oracle,0,74.1515,73.87519999999999,74.4278,43869.55622124913,,,,,,
phases,1000000,201812,20181,0.1,TIDE,0,72.43690000000001,71.9762,72.8976,26117.768933975214,80.999,128.9046900000001,0.17262611318416476,96.4954735950545,46.212779531629835,48.4344
phases,1000000,201812,20181,0.1,TIDE,1,72.494,71.434,73.554,27326.612807337173,77.733,113.60492000000004,0.1684695423436297,78.72887963230524,67.94229416671665,51.5656
phases,1000000,201812,20181,0.1,TIDE,2,72.2472,72.48,72.0144,35701.9043563336,74.811,100.41670000000002,0.17649528406470708,92.34172038660769,79.2018081560502,32.2896
zipf_100k,100000,18486,18,0.001,LRU,0,35.463,35.544,35.382000000000005,1562645.3015959852,,,,,,
zipf_100k,100000,18486,18,0.001,LFU,0,47.547,47.684,47.410000000000004,681985.6092872461,,,,,,
zipf_100k,100000,18486,18,0.001,LFU*,0,50.163999999999994,50.2,50.12799999999999,417508.34609522176,,,,,,
zipf_100k,100000,18486,18,0.001,ARC,0,47.566,47.83,47.302,831338.8406139965,,,,,,
zipf_100k,100000,18486,18,0.001,S3-FIFO,0,49.228,49.284,49.172,813849.4784081893,,,,,,
zipf_100k,100000,18486,18,0.001,SIEVE,0,49.037,49.454,48.620000000000005,2100137.1431742185,,,,,,
zipf_100k,100000,18486,18,0.001,Belady,0,53.501,53.53,53.471999999999994,,,,,,,
zipf_100k,100000,18486,18,0.001,TIDE-oracle,0,51.178999999999995,51.275999999999996,51.08200000000001,23987.24320410428,,,,,,
zipf_100k,100000,18486,18,0.001,TIDE,0,49.13,49.186,49.074,14086.538749690058,76.997,102.69801999999999,0.21990366792952298,87.64421896735128,75.92668357744866,96.224
zipf_100k,100000,18486,18,0.001,TIDE,1,49.309999999999995,49.356,49.264,13614.507410521905,78.422,96.56482000000001,0.22544099801119488,97.23431340341655,88.93930683311433,96.224
zipf_100k,100000,18486,18,0.001,TIDE,2,49.185,49.116,49.254,14002.301845399403,78.038,94.79988,0.22321869182826348,96.19283622437486,88.75258555366688,96.224
zipf_100k,100000,18486,185,0.01,LRU,0,59.74699999999999,59.634,59.86,1501101.1853110304,,,,,,
zipf_100k,100000,18486,185,0.01,LFU,0,67.025,66.412,67.638,524171.4784423506,,,,,,
zipf_100k,100000,18486,185,0.01,LFU*,0,68.822,68.372,69.272,402544.467476147,,,,,,
zipf_100k,100000,18486,185,0.01,ARC,0,67.62700000000001,67.184,68.07,860515.112604769,,,,,,
zipf_100k,100000,18486,185,0.01,S3-FIFO,0,67.731,67.218,68.244,801307.9717971528,,,,,,
zipf_100k,100000,18486,185,0.01,SIEVE,0,67.018,66.412,67.624,1888484.0713320437,,,,,,
zipf_100k,100000,18486,185,0.01,Belady,0,71.70100000000001,71.382,72.02,,,,,,,
zipf_100k,100000,18486,185,0.01,TIDE-oracle,0,68.589,68.322,68.856,37893.30500487585,,,,,,
zipf_100k,100000,18486,185,0.01,TIDE,0,67.96600000000001,67.536,68.396,23998.591334525736,68.843,85.99052,0.19325613947611456,98.59494315289326,84.51382996775835,92.649
zipf_100k,100000,18486,185,0.01,TIDE,1,68.0,67.47,68.53,26209.23234960091,64.362,83.54480000000001,0.1934085203273249,98.5389555230879,93.28938873976419,92.649
zipf_100k,100000,18486,185,0.01,TIDE,2,67.947,67.34400000000001,68.55,27474.57028230516,61.199,78.98662999999993,0.18663675772639982,98.80952380952381,93.56600189933523,92.649
zipf_100k,100000,18486,1849,0.1,LRU,0,74.753,74.366,75.14,1700118.8281058173,,,,,,
zipf_100k,100000,18486,1849,0.1,LFU,0,77.372,76.122,78.622,528665.2082681428,,,,,,
zipf_100k,100000,18486,1849,0.1,LFU*,0,78.385,76.724,80.04599999999999,471844.8057486657,,,,,,
zipf_100k,100000,18486,1849,0.1,ARC,0,77.81,76.334,79.286,991465.4751163766,,,,,,
zipf_100k,100000,18486,1849,0.1,S3-FIFO,0,77.4,75.778,79.022,922938.8769919858,,,,,,
zipf_100k,100000,18486,1849,0.1,SIEVE,0,77.372,76.122,78.622,1878676.4641313865,,,,,,
zipf_100k,100000,18486,1849,0.1,Belady,0,80.926,79.00399999999999,82.848,,,,,,,
zipf_100k,100000,18486,1849,0.1,TIDE-oracle,0,78.922,77.55,80.294,62183.00561154077,,,,,,
zipf_100k,100000,18486,1849,0.1,TIDE,0,78.228,76.494,79.962,64641.15236082892,36.551,76.58855999999999,0.17348237397878216,99.55732341053442,70.03271957400398,75.585
zipf_100k,100000,18486,1849,0.1,TIDE,1,77.917,76.31,79.524,58773.931404832285,37.93,81.84511000000002,0.15997316104984893,99.83645741602717,77.17322933702353,75.585
zipf_100k,100000,18486,1849,0.1,TIDE,2,77.952,76.386,79.518,58607.185880518016,35.492,75.38933999999996,0.15475598707824803,99.73523293198008,77.96129357624662,75.585
web_traffic_100k,100000,4992,16,0.001,LRU,0,3.335,3.3160000000000003,3.354,989875.2392822934,,,,,,
web_traffic_100k,100000,4992,16,0.001,LFU,0,1.329,2.156,0.502,503717.0160116765,,,,,,
web_traffic_100k,100000,4992,16,0.001,LFU*,0,3.898,4.568,3.228,326249.6189092095,,,,,,
web_traffic_100k,100000,4992,16,0.001,ARC,0,4.53,4.454000000000001,4.606,347722.27704096836,,,,,,
web_traffic_100k,100000,4992,16,0.001,S3-FIFO,0,5.0200000000000005,4.8759999999999994,5.164,365989.3798960519,,,,,,
web_traffic_100k,100000,4992,16,0.001,SIEVE,0,4.634,4.652,4.616,1372338.6562181236,,,,,,
web_traffic_100k,100000,4992,16,0.001,Belady,0,21.48,21.364,21.596,,,,,,,
web_traffic_100k,100000,4992,16,0.001,TIDE-oracle,0,18.66,18.573999999999998,18.746,19030.941037756398,,,,,,
web_traffic_100k,100000,4992,16,0.001,TIDE,0,4.893,4.89,4.896,10439.09740863539,59.389,79.73915000000001,0.18951803199151065,90.6706228901933,12.117009611043024,97.823
web_traffic_100k,100000,4992,16,0.001,TIDE,1,4.837000000000001,4.888,4.786,10318.823323789478,62.957499999999996,77.56672000000015,0.18243052582416425,80.84857210391732,76.5380235081763,97.823
web_traffic_100k,100000,4992,16,0.001,TIDE,2,4.712000000000001,4.636,4.788,10317.563113305818,62.797,77.42604000000001,0.18196404257983823,82.73157437311559,74.04800480691853,97.823
web_traffic_100k,100000,4992,50,0.01,LRU,0,10.296,10.184,10.408000000000001,1943766.6745482793,,,,,,
web_traffic_100k,100000,4992,50,0.01,LFU,0,3.361,5.5280000000000005,1.194,957654.1885261132,,,,,,
web_traffic_100k,100000,4992,50,0.01,LFU*,0,10.088999999999999,12.756,7.422,612064.9446209219,,,,,,
web_traffic_100k,100000,4992,50,0.01,ARC,0,14.078,13.966000000000001,14.19,702822.3504165559,,,,,,
web_traffic_100k,100000,4992,50,0.01,S3-FIFO,0,14.563,14.568,14.557999999999998,550368.3370329796,,,,,,
web_traffic_100k,100000,4992,50,0.01,SIEVE,0,13.667000000000002,13.52,13.814000000000002,1174346.0994429407,,,,,,
web_traffic_100k,100000,4992,50,0.01,Belady,0,38.864,38.722,39.006,,,,,,,
web_traffic_100k,100000,4992,50,0.01,TIDE-oracle,0,31.301000000000002,31.269999999999996,31.331999999999997,21762.680043755725,,,,,,
web_traffic_100k,100000,4992,50,0.01,TIDE,0,15.149000000000001,14.915999999999999,15.382000000000001,11608.405138222939,63.391,79.66571999999998,0.18575330616556698,89.64194992137413,53.142615217128345,97.525
web_traffic_100k,100000,4992,50,0.01,TIDE,1,14.718,14.713999999999999,14.722,16497.34150315488,36.0115,75.44062999999998,0.2084582511935597,87.02619499189137,60.81883400676177,85.525
web_traffic_100k,100000,4992,50,0.01,TIDE,2,14.943999999999999,14.674000000000001,15.214,16887.76625053287,35.845,72.36608000000003,0.20767436514207843,89.73735898468976,62.62968372280419,93.525
web_traffic_100k,100000,4992,499,0.1,LRU,0,67.645,67.394,67.896,1427135.0986453758,,,,,,
web_traffic_100k,100000,4992,499,0.1,LFU,0,30.538999999999998,47.882000000000005,13.196,499267.7913299686,,,,,,
web_traffic_100k,100000,4992,499,0.1,LFU*,0,53.312000000000005,64.24600000000001,42.378,289617.0190267625,,,,,,
web_traffic_100k,100000,4992,499,0.1,ARC,0,71.393,71.13199999999999,71.654,747928.242506118,,,,,,
web_traffic_100k,100000,4992,499,0.1,S3-FIFO,0,70.724,70.42,71.028,714093.3528415131,,,,,,
web_traffic_100k,100000,4992,499,0.1,SIEVE,0,67.19500000000001,67.21000000000001,67.17999999999999,1472790.1649063092,,,,,,
web_traffic_100k,100000,4992,499,0.1,Belady,0,78.889,78.44,79.338,,,,,,,
web_traffic_100k,100000,4992,499,0.1,TIDE-oracle,0,72.97200000000001,72.82600000000001,73.11800000000001,33829.41928179485,,,,,,
web_traffic_100k,100000,4992,499,0.1,TIDE,0,71.125,70.772,71.478,25165.32937531289,70.4205,123.94388000000058,0.169686777270518,93.6747689679273,18.280655432165876,89.879
web_traffic_100k,100000,4992,499,0.1,TIDE,1,71.147,70.844,71.45,27445.49281009068,67.421,88.66927000000001,0.17827475977021656,95.4197229013855,34.46210268948655,85.879
web_traffic_100k,100000,4992,499,0.1,TIDE,2,71.113,70.828,71.398,28600.588538447886,64.488,84.79492000000005,0.1729406771042379,95.98444021232626,43.62818590704648,85.879
adversarial,100000,31,16,0.001,LRU,0,0.0,0.0,0.0,2471693.1809958485,,,,,,
adversarial,100000,31,16,0.001,LFU,0,0.0,0.0,0.0,1148769.0761275378,,,,,,
adversarial,100000,31,16,0.001,LFU*,0,0.0,0.0,0.0,922081.886072602,,,,,,
adversarial,100000,31,16,0.001,ARC,0,0.0,0.0,0.0,1754893.9605709112,,,,,,
adversarial,100000,31,16,0.001,S3-FIFO,0,0.0,0.0,0.0,769578.8675128303,,,,,,
adversarial,100000,31,16,0.001,SIEVE,0,0.0,0.0,0.0,2262947.68722225,,,,,,
adversarial,100000,31,16,0.001,Belady,0,49.989,49.980000000000004,49.998,,,,,,,
adversarial,100000,31,16,0.001,TIDE-oracle,0,51.6,51.583999999999996,51.61599999999999,55292.80708526482,,,,,,
adversarial,100000,31,16,0.001,TIDE,0,46.409,42.808,50.01,28940.32363344028,30.76,63.594359999999945,0.23802317729201353,90.06464387630307,0.0,97.922
adversarial,100000,31,16,0.001,TIDE,1,48.705,47.42,49.99,24860.450083515818,40.658,67.22671999999997,0.22123216654077313,98.92923176951054,0.3962045634638438,97.922
adversarial,100000,31,16,0.001,TIDE,2,50.537,49.464000000000006,51.61,18067.98973806142,63.439,76.23479999999998,0.20226798862284906,100.0,100.0,97.922
adversarial,100000,31,16,0.01,LRU,0,0.0,0.0,0.0,1156679.047699934,,,,,,
adversarial,100000,31,16,0.01,LFU,0,0.0,0.0,0.0,619534.4362306945,,,,,,
adversarial,100000,31,16,0.01,LFU*,0,0.0,0.0,0.0,501328.4602620067,,,,,,
adversarial,100000,31,16,0.01,ARC,0,0.0,0.0,0.0,827513.9997434645,,,,,,
adversarial,100000,31,16,0.01,S3-FIFO,0,0.0,0.0,0.0,421735.97525993636,,,,,,
adversarial,100000,31,16,0.01,SIEVE,0,0.0,0.0,0.0,1220991.3666025824,,,,,,
adversarial,100000,31,16,0.01,Belady,0,49.989,49.980000000000004,49.998,,,,,,,
adversarial,100000,31,16,0.01,TIDE-oracle,0,51.6,51.583999999999996,51.61599999999999,33159.82736627826,,,,,,
adversarial,100000,31,16,0.01,TIDE,0,46.409,42.808,50.01,18227.677782948114,56.6,69.03967999999996,0.21022468267872607,90.06464387630307,0.0,97.922
adversarial,100000,31,16,0.01,TIDE,1,48.705,47.42,49.99,18902.58866604497,56.563,68.04587999999997,0.21133751863076225,98.92923176951054,0.3962045634638438,97.922
adversarial,100000,31,16,0.01,TIDE,2,50.537,49.464000000000006,51.61,18240.287103751885,63.372,75.37531999999999,0.2082258701966072,100.0,100.0,97.922
adversarial,100000,31,16,0.1,LRU,0,0.0,0.0,0.0,1120988.4768696034,,,,,,
adversarial,100000,31,16,0.1,LFU,0,0.0,0.0,0.0,596521.5219413319,,,,,,
adversarial,100000,31,16,0.1,LFU*,0,0.0,0.0,0.0,473682.6895064598,,,,,,
adversarial,100000,31,16,0.1,ARC,0,0.0,0.0,0.0,799924.7046863055,,,,,,
adversarial,100000,31,16,0.1,S3-FIFO,0,0.0,0.0,0.0,410302.46344621014,,,,,,
adversarial,100000,31,16,0.1,SIEVE,0,0.0,0.0,0.0,1179200.1869502286,,,,,,
adversarial,100000,31,16,0.1,Belady,0,49.989,49.980000000000004,49.998,,,,,,,
adversarial,100000,31,16,0.1,TIDE-oracle,0,51.6,51.583999999999996,51.61599999999999,30491.363108557827,,,,,,
adversarial,100000,31,16,0.1,TIDE,0,46.409,42.808,50.01,17422.381828955873,57.838,74.5815599999999,0.2040407978942681,90.06464387630307,0.0,97.922
adversarial,100000,31,16,0.1,TIDE,1,48.705,47.42,49.99,18199.49590147739,57.599,72.82003999999998,0.2055745600468095,98.92923176951054,0.3962045634638438,97.922
adversarial,100000,31,16,0.1,TIDE,2,50.537,49.464000000000006,51.61,17601.93728442478,64.623,85.05567999999982,0.2022652939607564,100.0,100.0,97.922
bursty,100000,7886,16,0.001,LRU,0,84.564,84.114,85.014,1974587.7272943268,,,,,,
bursty,100000,7886,16,0.001,LFU,0,84.556,84.122,84.99,560784.516006005,,,,,,
bursty,100000,7886,16,0.001,LFU*,0,84.562,84.122,85.002,420839.0048413603,,,,,,
bursty,100000,7886,16,0.001,ARC,0,84.562,84.11,85.014,1190916.007092796,,,,,,
bursty,100000,7886,16,0.001,S3-FIFO,0,84.566,84.114,85.018,1129504.948606842,,,,,,
bursty,100000,7886,16,0.001,SIEVE,0,84.56,84.114,85.006,2173769.5747292186,,,,,,
bursty,100000,7886,16,0.001,Belady,0,85.265,84.804,85.726,,,,,,,
bursty,100000,7886,16,0.001,TIDE-oracle,0,85.004,84.55799999999999,85.45,73452.26889732013,,,,,,
bursty,100000,7886,16,0.001,TIDE,0,84.564,84.112,85.016,49649.658997883744,60.3925,80.16898,0.18380762473917822,41.05278422273782,0.0,89.995
bursty,100000,7886,16,0.001,TIDE,1,84.36,83.866,84.854,66676.77695521012,59.617,86.77940000000004,0.23845748094795702,59.830866807610995,52.129266082754455,19.995
bursty,100000,7886,16,0.001,TIDE,2,84.20400000000001,83.394,85.014,50973.4206560328,58.811,82.25904000000001,0.18530212651885988,18.126062218281238,3.687282938003399,85.995
bursty,100000,7886,79,0.01,LRU,0,84.658,84.206,85.11,3983566.19603382,,,,,,
bursty,100000,7886,79,0.01,LFU,0,84.665,84.238,85.092,1107399.2687206618,,,,,,
bursty,100000,7886,79,0.01,LFU*,0,84.673,84.246,85.1,691176.5521121864,,,,,,
bursty,100000,7886,79,0.01,ARC,0,84.667,84.208,85.126,2194158.3517687516,,,,,,
bursty,100000,7886,79,0.01,S3-FIFO,0,84.66,84.208,85.112,2353601.9018109203,,,,,,
bursty,100000,7886,79,0.01,SIEVE,0,84.672,84.22,85.124,4398087.623723413,,,,,,
bursty,100000,7886,79,0.01,Belady,0,86.265,85.744,86.786,,,,,,,
bursty,100000,7886,79,0.01,TIDE-oracle,0,85.41,84.936,85.884,128961.19013200529,,,,,,
bursty,100000,7886,79,0.01,TIDE,0,84.666,84.21,85.122,87399.19463202215,32.807,66.62550000000002,0.19041382947963698,75.04283692170155,0.029799597705430978,88.127
bursty,100000,7886,79,0.01,TIDE,1,84.433,83.98400000000001,84.882,102780.01850481513,32.638,73.81686,0.23694962717238646,69.82935153583618,46.55290102389078,28.127
bursty,100000,7886,79,0.01,TIDE,2,84.574,84.02,85.128,81598.96607712896,33.214,78.52196999999995,0.19085755654185396,45.37554314090627,1.722532588454376,84.127
bursty,100000,7886,789,0.1,LRU,0,85.698,85.184,86.212,2682257.5928858067,,,,,,
bursty,100000,7886,789,0.1,LFU,0,85.722,85.244,86.2,834317.6404366908,,,,,,
bursty,100000,7886,789,0.1,LFU*,0,85.719,85.25,86.188,384951.82214391226,,,,,,
bursty,100000,7886,789,0.1,ARC,0,85.724,85.276,86.172,1572702.06920295,,,,,,
bursty,100000,7886,789,0.1,S3-FIFO,0,85.707,85.24000000000001,86.17399999999999,1525924.0068766691,,,,,,
bursty,100000,7886,789,0.1,SIEVE,0,85.713,85.276,86.15,2725241.1838185987,,,,,,
bursty,100000,7886,789,0.1,Belady,0,89.437,88.34,90.534,,,,,,,
bursty,100000,7886,789,0.1,TIDE-oracle,0,87.249,86.464,88.034,76909.465545001,,,,,,
bursty,100000,7886,789,0.1,TIDE,0,85.44500000000001,84.938,85.952,49582.662285327286,79.382,102.72290000000001,0.16678341350488762,98.89533795169444,16.298445983898148,73.312
bursty,100000,7886,789,0.1,TIDE,1,85.36,85.02,85.7,56665.878682263065,78.97200000000001,101.78070000000004,0.1976062262279974,92.50625782227785,51.4549436795995,42.744
bursty,100000,7886,789,0.1,TIDE,2,85.214,84.664,85.764,51257.871813617465,79.883,102.75843999999994,0.1797285944728111,98.88754268091199,44.71858134155744,60.688
gaussian,100000,8759,16,0.001,LRU,0,0.28400000000000003,0.294,0.27399999999999997,2159741.197325959,,,,,,
gaussian,100000,8759,16,0.001,LFU,0,0.455,0.422,0.488,987137.8114807656,,,,,,
gaussian,100000,8759,16,0.001,LFU*,0,0.583,0.54,0.626,740007.8917367933,,,,,,
gaussian,100000,8759,16,0.001,ARC,0,0.475,0.44,0.51,737495.199184578,,,,,,
gaussian,100000,8759,16,0.001,S3-FIFO,0,0.541,0.536,0.5459999999999999,771824.4079673219,,,,,,
gaussian,100000,8759,16,0.001,SIEVE,0,0.45799999999999996,0.43,0.486,2432648.1228175694,,,,,,
gaussian,100000,8759,16,0.001,Belady,0,6.279,6.223999999999999,6.334,,,,,,,
gaussian,100000,8759,16,0.001,TIDE-oracle,0,5.1450000000000005,5.112,5.178,32010.379967509944,,,,,,
gaussian,100000,8759,16,0.001,TIDE,0,0.466,0.42,0.512,17492.961609373415,31.182,61.97287000000002,0.21700821208820512,95.5012325390304,0.2074774034511093,97.817
gaussian,100000,8759,16,0.001,TIDE,1,0.413,0.364,0.462,13517.74844143042,40.313,69.86064000000002,0.19934190274874478,7.180766427478878,6.797860655148697,97.817
gaussian,100000,8759,16,0.001,TIDE,2,0.49500000000000005,0.44,0.5499999999999999,10410.502656842502,57.431,92.34129999999982,0.19017006390688973,21.8799765747809,6.920713852729346,97.817
gaussian,100000,8759,88,0.01,LRU,0,1.47,1.4540000000000002,1.486,1101545.6072855403,,,,,,
gaussian,100000,8759,88,0.01,LFU,0,1.9560000000000002,1.91,2.002,543896.5912518272,,,,,,
gaussian,100000,8759,88,0.01,LFU*,0,2.266,2.204,2.328,352341.9166547315,,,,,,
gaussian,100000,8759,88,0.01,ARC,0,1.984,1.9980000000000002,1.97,404947.50116915494,,,,,,
gaussian,100000,8759,88,0.01,S3-FIFO,0,1.9949999999999999,1.9800000000000002,2.01,432217.4750288172,,,,,,
gaussian,100000,8759,88,0.01,SIEVE,0,1.9879999999999998,1.9140000000000001,2.062,1192191.5412170358,,,,,,
gaussian,100000,8759,88,0.01,Belady,0,15.970999999999998,15.712000000000002,16.23,,,,,,,
gaussian,100000,8759,88,0.01,TIDE-oracle,0,10.828,10.658,10.998,17916.004600945806,,,,,,
gaussian,100000,8759,88,0.01,TIDE,0,1.97,1.9900000000000002,1.95,9447.60419193996,63.228,84.59584000000002,0.17217463463286342,99.07164586174342,6.3107101646910735,97.252
gaussian,100000,8759,88,0.01,TIDE,1,1.949,1.974,1.924,9499.045021297386,60.104,135.389,0.1905147153082795,25.703977934159056,20.417195414835714,97.252
gaussian,100000,8759,88,0.01,TIDE,2,2.035,2.008,2.062,8647.800625687534,65.608,101.86244,0.17763194351430464,98.18191360940534,91.64436046816775,97.252
gaussian,100000,8759,876,0.1,LRU,0,14.809,14.438,15.18,1542890.9171725786,,,,,,
gaussian,100000,8759,876,0.1,LFU,0,16.851,16.694,17.008000000000003,705599.288088022,,,,,,
gaussian,100000,8759,876,0.1,LFU*,0,18.989,18.32,19.658,388108.36286627833,,,,,,
gaussian,100000,8759,876,0.1,ARC,0,16.945,16.916,16.974,548051.5184662616,,,,,,
gaussian,100000,8759,876,0.1,S3-FIFO,0,17.183999999999997,17.014000000000003,17.354,598172.362104642,,,,,,
gaussian,100000,8759,876,0.1,SIEVE,0,17.107,16.704,17.51,1534560.1435883138,,,,,,
gaussian,100000,8759,876,0.1,Belady,0,47.449999999999996,46.588,48.312,,,,,,,
gaussian,100000,8759,876,0.1,TIDE-oracle,0,32.342,32.016,32.668,18334.71384744654,,,,,,
gaussian,100000,8759,876,0.1,TIDE,0,17.776,17.124,18.428,9170.744187402397,79.523,110.60280999999993,0.18034141797017297,95.19896684831971,64.94238192552226,85.984
gaussian,100000,8759,876,0.1,TIDE,1,18.121000000000002,17.398,18.844,8287.267354019605,80.475,158.74532000000005,0.17728415684812396,92.87652109782437,55.6313543696992,92.992
gaussian,100000,8759,876,0.1,TIDE,2,17.932000000000002,16.919999999999998,18.944,9191.992458459099,79.877,105.33427999999998,0.18501205690782935,94.75577675079985,70.70885175968716,85.984
periodic,100000,8928,16,0.001,LRU,0,10.023,9.968,10.078,1103832.3181524514,,,,,,
periodic,100000,8928,16,0.001,LFU,0,1.2109999999999999,1.788,0.634,524810.2277028863,,,,,,
periodic,100000,8928,16,0.001,LFU*,0,1.384,2.0580000000000003,0.7100000000000001,422956.38766523765,,,,,,
periodic,100000,8928,16,0.001,ARC,0,11.485,11.344,11.626,415620.20253525575,,,,,,
periodic,100000,8928,16,0.001,S3-FIFO,0,12.293999999999999,12.208,12.379999999999999,484104.68645731104,,,,,,
periodic,100000,8928,16,0.001,SIEVE,0,11.347999999999999,11.524,11.172,1220957.1532331584,,,,,,
periodic,100000,8928,16,0.001,Belady,0,36.436,36.36,36.512,,,,,,,
periodic,100000,8928,16,0.001,TIDE-oracle,0,32.562999999999995,32.498,32.628,21101.758627628715,,,,,,
periodic,100000,8928,16,0.001,TIDE,0,12.588,12.479999999999999,12.696,10393.686830301698,64.531,85.42920000000002,0.18490099716340114,73.4790596440315,39.577799361082185,97.783
periodic,100000,8928,16,0.001,TIDE,1,12.592,12.408,12.776000000000002,9626.899125417309,65.14,110.13667999999963,0.18901802255817177,69.26263560085661,43.929411489356724,97.783
periodic,100000,8928,16,0.001,TIDE,2,12.581000000000001,12.346,12.815999999999999,10475.874340940762,64.126,90.14847999999951,0.1858162388014025,67.38041748572499,43.17841430309838,97.783
periodic,100000,8928,89,0.01,LRU,0,50.617999999999995,50.629999999999995,50.605999999999995,1353744.497194978,,,,,,
periodic,100000,8928,89,0.01,LFU,0,4.144,7.506,0.782,533234.0352022649,,,,,,
periodic,100000,8928,89,0.01,LFU*,0,5.318,9.306000000000001,1.3299999999999998,366423.2147164989,,,,,,
periodic,100000,8928,89,0.01,ARC,0,66.431,66.35,66.512,781020.3617053826,,,,,,
periodic,100000,8928,89,0.01,S3-FIFO,0,63.687000000000005,63.512,63.861999999999995,672043.3314174704,,,,,,
periodic,100000,8928,89,0.01,SIEVE,0,60.623000000000005,61.56399999999999,59.682,1629499.5472861822,,,,,,
periodic,100000,8928,89,0.01,Belady,0,76.02,75.988,76.05199999999999,,,,,,,
periodic,100000,8928,89,0.01,TIDE-oracle,0,71.68900000000001,71.706,71.672,42203.07337393424,,,,,,
periodic,100000,8928,89,0.01,TIDE,0,67.328,67.184,67.472,24181.907942067963,67.103,80.69169999999997,0.22598504733420824,83.19308874677438,67.5230936085867,82.596
periodic,100000,8928,89,0.01,TIDE,1,66.667,65.902,67.432,25111.02307755598,65.986,80.68690000000001,0.2295916341004355,85.06347420858107,68.28298248433232,74.596
periodic,100000,8928,89,0.01,TIDE,2,66.569,66.548,66.59,26847.221375359204,65.835,87.46932,0.24355399691466664,85.07571421137534,70.11500234167664,58.596
periodic,100000,8928,893,0.1,LRU,0,79.71000000000001,79.656,79.764,1712649.9183167075,,,,,,
periodic,100000,8928,893,0.1,LFU,0,31.45,58.95,3.95,547226.7192852803,,,,,,
periodic,100000,8928,893,0.1,LFU*,0,41.312,72.33800000000001,10.286,285790.06417349883,,,,,,
periodic,100000,8928,893,0.1,ARC,0,79.739,79.69000000000001,79.788,967668.3989214409,,,,,,
periodic,100000,8928,893,0.1,S3-FIFO,0,79.226,79.36999999999999,79.082,877954.4693426213,,,,,,
periodic,100000,8928,893,0.1,SIEVE,0,78.40899999999999,78.412,78.40599999999999,1796728.8108642271,,,,,,
periodic,100000,8928,893,0.1,Belady,0,85.37700000000001,84.666,86.088,,,,,,,
periodic,100000,8928,893,0.1,TIDE-oracle,0,81.66799999999999,81.314,82.02199999999999,54820.23355046552,,,,,,
periodic,100000,8928,893,0.1,TIDE,0,79.47800000000001,79.30199999999999,79.654,48275.75065521326,67.8665,90.64539999999995,0.20040361598018963,96.26394953905871,11.984473556525959,19.024
periodic,100000,8928,893,0.1,TIDE,1,79.427,79.216,79.63799999999999,48482.871700041454,67.354,89.56210000000016,0.2020909805382902,96.08737397983677,60.87373979836774,19.024
periodic,100000,8928,893,0.1,TIDE,2,79.44099999999999,79.36800000000001,79.514,53178.436714396965,57.744,95.40540000000009,0.2064122935369996,98.00825152937828,55.59823587992602,33.296
uniform,100000,10000,16,0.001,LRU,0,0.187,0.198,0.17600000000000002,2019728.954824818,,,,,,
uniform,100000,10000,16,0.001,LFU,0,0.169,0.17600000000000002,0.16199999999999998,976257.8961025691,,,,,,
uniform,100000,10000,16,0.001,LFU*,0,0.174,0.164,0.184,836639.5305740847,,,,,,
uniform,100000,10000,16,0.001,ARC,0,0.184,0.186,0.182,713227.8903334156,,,,,,
uniform,100000,10000,16,0.001,S3-FIFO,0,0.189,0.196,0.182,740922.4807913983,,,,,,
uniform,100000,10000,16,0.001,SIEVE,0,0.16999999999999998,0.182,0.158,2247756.132482887,,,,,,
uniform,100000,10000,16,0.001,Belady,0,4.795,4.74,4.8500000000000005,,,,,,,
uniform,100000,10000,16,0.001,TIDE-oracle,0,3.801,3.694,3.9079999999999995,18374.316626434236,,,,,,
uniform,100000,10000,16,0.001,TIDE,0,0.17099999999999999,0.166,0.17600000000000002,9162.377737948798,62.617,88.47892000000002,0.1814793771105344,99.48799344631611,1.0813578413803697,97.821
uniform,100000,10000,16,0.001,TIDE,1,0.161,0.14200000000000002,0.18,12285.253637421552,52.934,71.136,0.19699632097546316,36.16546357446373,35.46920595914606,97.821
uniform,100000,10000,16,0.001,TIDE,2,0.187,0.20400000000000001,0.16999999999999998,10340.731369340689,58.464,73.82185999999997,0.18621833111037353,10.62178023126005,7.244031585739305,97.821
uniform,100000,10000,100,0.01,LRU,0,1.006,1.0,1.012,1016240.9738216606,,,,,,
uniform,100000,10000,100,0.01,LFU,0,0.979,1.044,0.914,475991.0608697853,,,,,,
uniform,100000,10000,100,0.01,LFU*,0,1.0030000000000001,0.996,1.01,320883.17729468,,,,,,
uniform,100000,10000,100,0.01,ARC,0,1.0370000000000001,1.01,1.064,358660.74657050666,,,,,,
uniform,100000,10000,100,0.01,S3-FIFO,0,1.05,1.0619999999999998,1.038,424726.7504523319,,,,,,
uniform,100000,10000,100,0.01,SIEVE,0,0.9809999999999999,1.028,0.9339999999999999,1128992.0240541357,,,,,,
uniform,100000,10000,100,0.01,Belady,0,13.142999999999999,12.962000000000002,13.324,,,,,,,
uniform,100000,10000,100,0.01,TIDE-oracle,0,8.53,8.308,8.752,17438.547064121576,,,,,,
uniform,100000,10000,100,0.01,TIDE,0,1.028,1.072,0.984,9527.113239960641,61.891,82.82460999999995,0.17804905072740754,65.32774612153226,4.117622592854469,97.171
uniform,100000,10000,100,0.01,TIDE,1,1.055,1.032,1.078,9646.095035622473,61.231,80.55011999999994,0.17786867851757682,19.144001248114826,11.895574392844141,97.171
uniform,100000,10000,100,0.01,TIDE,2,1.042,1.06,1.024,9942.565162636554,62.363,80.22532999999979,0.1770001228295312,88.6208115809397,70.27288421140207,97.171
uniform,100000,10000,1000,0.1,LRU,0,10.022,9.858,10.186,1008721.5985939965,,,,,,
uniform,100000,10000,1000,0.1,LFU,0,9.966999999999999,9.936,9.998,523485.46063826286,,,,,,
uniform,100000,10000,1000,0.1,LFU*,0,10.057,9.964,10.15,291636.12470823864,,,,,,
uniform,100000,10000,1000,0.1,ARC,0,10.006,9.896,10.116,366972.1255783729,,,,,,
uniform,100000,10000,1000,0.1,S3-FIFO,0,9.968,9.972,9.964,412749.32473803096,,,,,,
uniform,100000,10000,1000,0.1,SIEVE,0,9.969999999999999,9.936,10.004,1051450.523317411,,,,,,
uniform,100000,10000,1000,0.1,Belady,0,40.003,38.868,41.138000000000005,,,,,,,
uniform,100000,10000,1000,0.1,TIDE-oracle,0,25.352999999999998,24.772,25.934,18304.861859063574,,,,,,
uniform,100000,10000,1000,0.1,TIDE,0,10.013,9.872,10.154,9796.33346126587,66.8375,86.41039999999991,0.16806100672924842,94.59462726986968,54.20122349299998,92.0
uniform,100000,10000,1000,0.1,TIDE,1,10.112,9.948,10.276,10080.066349045761,66.122,87.78744,0.16728206336731713,96.9388125643043,64.48223688192216,92.0
uniform,100000,10000,1000,0.1,TIDE,2,9.993,9.914000000000001,10.072000000000001,8742.464142126888,79.768,109.39775999999999,0.18008607298704032,97.9304865938431,77.37835153922542,84.0
zipf_alpha_0.5,100000,9977,16,0.001,LRU,0,0.396,0.40800000000000003,0.384,1295815.90375172,,,,,,
zipf_alpha_0.5,100000,9977,16,0.001,LFU,0,2.011,1.978,2.044,662711.6916498574,,,,,,
zipf_alpha_0.5,100000,9977,16,0.001,LFU*,0,3.138,3.074,3.202,408627.42770251154,,,,,,
zipf_alpha_0.5,100000,9977,16,0.001,ARC,0,2.254,2.098,2.41,518659.51514854643,,,,,,
zipf_alpha_0.5,100000,9977,16,0.001,S3-FIFO,0,2.664,2.564,2.7640000000000002,511044.50997385255,,,,,,
zipf_alpha_0.5,100000,9977,16,0.001,SIEVE,0,2.059,1.958,2.16,1452409.999888537,,,,,,
zipf_alpha_0.5,100000,9977,16,0.001,Belady,0,7.188999999999999,7.16,7.217999999999999,,,,,,,
zipf_alpha_0.5,100000,9977,16,0.001,TIDE-oracle,0,6.241,6.2219999999999995,6.260000000000001,14841.147460554712,,,,,,
zipf_alpha_0.5,100000,9977,16,0.001,TIDE,0,2.2880000000000003,2.162,2.414,9271.096524909226,58.838499999999996,101.97369000000002,0.2057465832600312,54.8576512455516,3.325308771195311,97.815
zipf_alpha_0.5,100000,9977,16,0.001,TIDE,1,2.395,2.1999999999999997,2.59,11658.206231791928,44.096,77.72835999999998,0.21043005975123652,69.65829430071359,69.07359089623087,97.815
zipf_alpha_0.5,100000,9977,16,0.001,TIDE,2,2.407,2.218,2.596,11427.287313603952,45.693,77.03180000000002,0.20978731809072118,42.33868854864233,21.17772817304367,97.815
zipf_alpha_0.5,100000,9977,100,0.01,LRU,0,2.357,2.346,2.368,1001285.4903528208,,,,,,
zipf_alpha_0.5,100000,9977,100,0.01,LFU,0,6.029,5.882,6.176,639238.7760481323,,,,,,
zipf_alpha_0.5,100000,9977,100,0.01,LFU*,0,8.68,8.37,8.99,377670.6488962082,,,,,,
zipf_alpha_0.5,100000,9977,100,0.01,ARC,0,6.558,6.311999999999999,6.804,520576.24187353754,,,,,,
zipf_alpha_0.5,100000,9977,100,0.01,S3-FIFO,0,7.1290000000000004,6.72,7.538,534071.7765777076,,,,,,
zipf_alpha_0.5,100000,9977,100,0.01,SIEVE,0,6.239999999999999,5.946,6.534,1529905.9513388148,,,,,,
zipf_alpha_0.5,100000,9977,100,0.01,Belady,0,18.214,18.132,18.296,,,,,,,
zipf_alpha_0.5,100000,9977,100,0.01,TIDE-oracle,0,12.98,12.889999999999999,13.07,15359.65050577231,,,,,,
zipf_alpha_0.5,100000,9977,100,0.01,TIDE,0,6.874,6.510000000000001,7.2379999999999995,7895.29747014098,78.936,115.78396000000019,0.17811716395263544,99.1434547325786,36.24713654925135,97.137
zipf_alpha_0.5,100000,9977,100,0.01,TIDE,1,6.979,6.805999999999999,7.152,8590.931857359066,76.343,104.36572999999993,0.18192901146003718,95.73888187196702,92.25221033038622,97.137
zipf_alpha_0.5,100000,9977,100,0.01,TIDE,2,6.893000000000001,6.566,7.22,8047.755854516819,77.656,107.84168999999987,0.18030842700314517,99.19087045072169,96.34286726290622,97.137
zipf_alpha_0.5,100000,9977,998,0.1,LRU,0,17.843999999999998,17.82,17.868000000000002,1058607.160064492,,,,,,
zipf_alpha_0.5,100000,9977,998,0.1,LFU,0,22.968,22.586000000000002,23.35,855692.2363230558,,,,,,
zipf_alpha_0.5,100000,9977,998,0.1,LFU*,0,27.791,26.051999999999996,29.53,402920.29700965784,,,,,,
zipf_alpha_0.5,100000,9977,998,0.1,ARC,0,23.391000000000002,23.152,23.630000000000003,762136.0041304771,,,,,,
zipf_alpha_0.5,100000,9977,998,0.1,S3-FIFO,0,24.581,23.768,25.394,492354.6505171788,,,,,,
zipf_alpha_0.5,100000,9977,998,0.1,SIEVE,0,22.997,22.586000000000002,23.408,1213459.5476946195,,,,,,
zipf_alpha_0.5,100000,9977,998,0.1,Belady,0,48.111,47.326,48.896,,,,,,,
zipf_alpha_0.5,100000,9977,998,0.1,TIDE-oracle,0,32.323,32.366,32.28,17691.399971885414,,,,,,
zipf_alpha_0.5,100000,9977,998,0.1,TIDE,0,25.474999999999998,24.178,26.772000000000002,9935.097040246841,80.04,105.08106,0.17607267579721692,97.77008616245674,72.67987333382429,91.848
zipf_alpha_0.5,100000,9977,998,0.1,TIDE,1,25.413000000000004,23.776,27.05,10360.800057454262,79.661,101.22018000000004,0.18325208407805685,97.59634035949826,75.91652657442131,83.864
zipf_alpha_0.5,100000,9977,998,0.1,TIDE,2,25.546999999999997,24.22,26.874,9858.444470917551,80.203,109.20049999999998,0.181176440254211,97.23250224849977,76.88099907111157,91.848
zipf_alpha_0.8,100000,9684,16,0.001,LRU,0,4.332,4.348,4.316,1366012.2252186032,,,,,,
zipf_alpha_0.8,100000,9684,16,0.001,LFU,0,12.554000000000002,12.442,12.666,666718.5818226133,,,,,,
zipf_alpha_0.8,100000,9684,16,0.001,LFU*,0,15.482999999999999,15.454,15.512,343475.6081770591,,,,,,
zipf_alpha_0.8,100000,9684,16,0.001,ARC,0,13.342,13.331999999999999,13.352,538494.2826427652,,,,,,
zipf_alpha_0.8,100000,9684,16,0.001,S3-FIFO,0,14.623,14.616000000000001,14.63,543741.5440708582,,,,,,
zipf_alpha_0.8,100000,9684,16,0.001,SIEVE,0,14.096,13.434,14.758,1489472.6012648488,,,,,,
zipf_alpha_0.8,100000,9684,16,0.001,Belady,0,19.918,19.884,19.952,,,,,,,
zipf_alpha_0.8,100000,9684,16,0.001,TIDE-oracle,0,17.933,17.874000000000002,17.992,17359.270000799996,,,,,,
zipf_alpha_0.8,100000,9684,16,0.001,TIDE,0,14.471,14.274000000000001,14.668000000000001,9573.243375701699,75.635,96.00595999999985,0.20033714738109548,77.49571512471084,58.26950966643894,97.624
zipf_alpha_0.8,100000,9684,16,0.001,TIDE,1,14.371999999999998,14.283999999999999,14.46,9154.51781569883,76.6765,99.35004000000004,0.20347782066687412,97.59972226212709,95.14557295407748,97.624
zipf_alpha_0.8,100000,9684,16,0.001,TIDE,2,14.286999999999999,14.155999999999999,14.418000000000001,8821.361769931375,77.585,104.73459999999986,0.2005843430924796,97.38330722221558,94.59200880203787,97.624
zipf_alpha_0.8,100000,9684,97,0.01,LRU,0,15.440000000000001,15.412,15.468000000000002,1131151.3679877394,,,,,,
zipf_alpha_0.8,100000,9684,97,0.01,LFU,0,26.466,26.192,26.740000000000002,535810.1880827248,,,,,,
zipf_alpha_0.8,100000,9684,97,0.01,LFU*,0,29.377,29.164,29.59,309550.823213212,,,,,,
zipf_alpha_0.8,100000,9684,97,0.01,ARC,0,26.367,26.306,26.428,495245.8355983594,,,,,,
zipf_alpha_0.8,100000,9684,97,0.01,S3-FIFO,0,27.327,27.067999999999998,27.586,508336.62146887137,,,,,,
zipf_alpha_0.8,100000,9684,97,0.01,SIEVE,0,26.982,26.594,27.37,1341466.8075415937,,,,,,
zipf_alpha_0.8,100000,9684,97,0.01,Belady,0,36.753,36.614000000000004,36.892,,,,,,,
zipf_alpha_0.8,100000,9684,97,0.01,TIDE-oracle,0,30.435000000000002,30.296,30.574,20762.16675054541,,,,,,
zipf_alpha_0.8,100000,9684,97,0.01,TIDE,0,27.384999999999998,27.29,27.48,12515.211368045531,64.325,80.03952999999998,0.18883981377141487,98.65524625267666,83.98857958600999,96.65
zipf_alpha_0.8,100000,9684,97,0.01,TIDE,1,27.565,27.272000000000002,27.858,12623.907962987028,62.544,84.38102999999997,0.20123545892226777,98.00057249177043,92.36152855302706,96.65
zipf_alpha_0.8,100000,9684,97,0.01,TIDE,2,27.561000000000003,27.29,27.832,13213.780863430067,58.739999999999995,86.94251000000004,0.19871577359169615,98.50301972121247,93.49257234450583,96.65
zipf_alpha_0.8,100000,9684,968,0.1,LRU,0,43.092999999999996,42.778,43.408,2249555.6733237454,,,,,,
zipf_alpha_0.8,100000,9684,968,0.1,LFU,0,50.502,49.632,51.37199999999999,898267.3429101919,,,,,,
zipf_alpha_0.8,100000,9684,968,0.1,LFU*,0,54.191,52.638,55.74400000000001,562606.502819973,,,,,,
zipf_alpha_0.8,100000,9684,968,0.1,ARC,0,50.327999999999996,49.89,50.766,1019474.5222668177,,,,,,
zipf_alpha_0.8,100000,9684,968,0.1,S3-FIFO,0,51.385000000000005,50.370000000000005,52.400000000000006,1035833.531981054,,,,,,
zipf_alpha_0.8,100000,9684,968,0.1,SIEVE,0,50.588,49.632,51.544000000000004,2837075.170750203,,,,,,
zipf_alpha_0.8,100000,9684,968,0.1,Belady,0,65.708,64.83,66.586,,,,,,,
zipf_alpha_0.8,100000,9684,968,0.1,TIDE-oracle,0,54.196999999999996,53.932,54.461999999999996,41237.84565015989,,,,,,
zipf_alpha_0.8,100000,9684,968,0.1,TIDE,0,51.812000000000005,50.672,52.952,18457.47035329358,60.323,104.9492,0.20081196576834842,95.84230229293402,70.41881141787553,90.133
zipf_alpha_0.8,100000,9684,968,0.1,TIDE,1,51.941,50.739999999999995,53.142,13814.919956532412,84.129,109.64980000000001,0.19771095045978937,94.93792682640633,72.92483161624932,90.133
zipf_alpha_0.8,100000,9684,968,0.1,TIDE,2,51.827,50.70400000000001,52.949999999999996,21048.55214797952,40.103,102.78044000000004,0.20496534145191386,94.77823288472791,73.22410766530135,90.133
zipf_alpha_1.0,100000,8572,16,0.001,LRU,0,18.184,18.029999999999998,18.337999999999997,1082034.593359721,,,,,,
zipf_alpha_1.0,100000,8572,16,0.001,LFU,0,31.462,31.322,31.602000000000004,630122.2360936225,,,,,,
zipf_alpha_1.0,100000,8572,16,0.001,LFU*,0,34.209,34.050000000000004,34.367999999999995,396095.35065638414,,,,,,
zipf_alpha_1.0,100000,8572,16,0.001,ARC,0,31.025000000000002,30.732,31.318,672549.1310928084,,,,,,
zipf_alpha_1.0,100000,8572,16,0.001,S3-FIFO,0,33.013999999999996,32.798,33.23,651061.5630433478,,,,,,
zipf_alpha_1.0,100000,8572,16,0.001,SIEVE,0,32.595,32.462,32.728,1667611.5075728914,,,,,,
zipf_alpha_1.0,100000,8572,16,0.001,Belady,0,38.499,38.362,38.635999999999996,,,,,,,
zipf_alpha_1.0,100000,8572,16,0.001,TIDE-oracle,0,35.967,35.722,36.212,19323.72893854056,,,,,,
zipf_alpha_1.0,100000,8572,16,0.001,TIDE,0,33.092,32.888,33.296,10465.268846868708,79.598,104.95131999999997,0.21329588671881342,84.41914562568361,72.79127447506663,97.215
zipf_alpha_1.0,100000,8572,16,0.001,TIDE,1,33.064,32.93,33.198,10136.503295626284,78.563,106.32619999999999,0.2072681536010385,97.98894381053572,89.68602269752544,97.215
zipf_alpha_1.0,100000,8572,16,0.001,TIDE,2,32.85,32.488,33.212,10953.539777636623,78.079,98.45746,0.21371158815185742,96.67715447778374,90.79272504028854,97.215
zipf_alpha_1.0,100000,8572,86,0.01,LRU,0,37.345,37.128,37.562,1193615.2422436567,,,,,,
zipf_alpha_1.0,100000,8572,86,0.01,LFU,0,48.714,48.284,49.144,521406.82924777386,,,,,,
zipf_alpha_1.0,100000,8572,86,0.01,LFU*,0,51.171,50.608,51.734,343181.5396201983,,,,,,
zipf_alpha_1.0,100000,8572,86,0.01,ARC,0,48.266,47.832,48.699999999999996,618133.6745587866,,,,,,
zipf_alpha_1.0,100000,8572,86,0.01,S3-FIFO,0,49.187999999999995,48.648,49.728,618828.0335207804,,,,,,
zipf_alpha_1.0,100000,8572,86,0.01,SIEVE,0,49.69,48.852000000000004,50.52799999999999,1498100.7004486243,,,,,,
zipf_alpha_1.0,100000,8572,86,0.01,Belady,0,56.616,56.333999999999996,56.898,,,,,,,
zipf_alpha_1.0,100000,8572,86,0.01,TIDE-oracle,0,51.129000000000005,50.784,51.474,28369.516835458784,,,,,,
zipf_alpha_1.0,100000,8572,86,0.01,TIDE,0,49.414,48.838,49.99,18508.054047621095,59.123,82.10407999999998,0.21249099998533827,97.81041554459958,79.14198119070306,95.757
zipf_alpha_1.0,100000,8572,86,0.01,TIDE,1,49.445,48.943999999999996,49.946,17841.84945462527,63.621,83.79206,0.21577633719632688,97.27628878801069,88.02935140849449,95.757
zipf_alpha_1.0,100000,8572,86,0.01,TIDE,2,49.623,49.024,50.222,14498.692262323275,77.268,104.17644,0.2124188446503805,97.55123270571102,90.365130552377,95.757
zipf_alpha_1.0,100000,8572,857,0.1,LRU,0,65.402,65.18599999999999,65.618,2053499.1142554872,,,,,,
zipf_alpha_1.0,100000,8572,857,0.1,LFU,0,71.314,70.414,72.214,728329.7270421583,,,,,,
zipf_alpha_1.0,100000,8572,857,0.1,LFU*,0,73.175,71.836,74.514,502904.5099076079,,,,,,
zipf_alpha_1.0,100000,8572,857,0.1,ARC,0,70.907,70.318,71.49600000000001,1072625.510389723,,,,,,
zipf_alpha_1.0,100000,8572,857,0.1,S3-FIFO,0,71.378,70.394,72.36200000000001,1045902.4298876538,,,,,,
zipf_alpha_1.0,100000,8572,857,0.1,SIEVE,0,71.314,70.414,72.214,2305234.431350366,,,,,,
zipf_alpha_1.0,100000,8572,857,0.1,Belady,0,79.474,78.518,80.43,,,,,,,
zipf_alpha_1.0,100000,8572,857,0.1,TIDE-oracle,0,72.381,71.906,72.856,39231.41073161575,,,,,,
zipf_alpha_1.0,100000,8572,857,0.1,TIDE,0,71.54599999999999,70.75399999999999,72.33800000000001,24412.244556621758,76.5455,100.02985,0.18622527904284789,97.5352690288714,69.38156167979002,87.812
zipf_alpha_1.0,100000,8572,857,0.1,TIDE,1,71.69200000000001,70.812,72.572,28549.31623689405,66.8205,83.95063,0.1949721571398896,93.8856341282284,71.95313144648898,87.812
zipf_alpha_1.0,100000,8572,857,0.1,TIDE,2,71.71600000000001,70.87,72.562,28598.921556354042,66.0255,85.07156999999998,0.19321343062027124,93.62765342363922,71.61972412653837,87.812
zipf_alpha_1.2,100000,8839,16,0.001,LRU,0,33.341,33.346,33.336,1206691.6409385516,,,,,,
zipf_alpha_1.2,100000,8839,16,0.001,LFU,0,44.92,44.954,44.885999999999996,522080.5157092484,,,,,,
zipf_alpha_1.2,100000,8839,16,0.001,LFU*,0,48.512,48.502,48.522,328791.27043736,,,,,,
zipf_alpha_1.2,100000,8839,16,0.001,ARC,0,45.781,45.776,45.786,609810.9247698721,,,,,,
zipf_alpha_1.2,100000,8839,16,0.001,S3-FIFO,0,47.527,47.53,47.524,610584.873447561,,,,,,
zipf_alpha_1.2,100000,8839,16,0.001,SIEVE,0,46.949000000000005,47.089999999999996,46.808,1489134.8182117643,,,,,,
zipf_alpha_1.2,100000,8839,16,0.001,Belady,0,51.853,51.849999999999994,51.856,,,,,,,
zipf_alpha_1.2,100000,8839,16,0.001,TIDE-oracle,0,49.812,49.812,49.812,28183.99556918996,,,,,,
zipf_alpha_1.2,100000,8839,16,0.001,TIDE,0,47.535,47.436,47.634,13775.66495751445,72.264,110.04874999999996,0.22206255272482506,87.09977440930858,77.15795306130526,96.513
zipf_alpha_1.2,100000,8839,16,0.001,TIDE,1,47.69,47.618,47.762,14633.278485260666,67.206,103.27894000000009,0.2239428984639637,97.28458286190674,89.50951785466167,96.513
zipf_alpha_1.2,100000,8839,16,0.001,TIDE,2,47.526,47.438,47.614000000000004,21342.97771387281,35.278,88.98780000000002,0.23495601183570128,96.46241813901035,88.49890192509349,96.513
zipf_alpha_1.2,100000,8839,88,0.01,LRU,0,52.717000000000006,52.76,52.674,1474057.6684723818,,,,,,
zipf_alpha_1.2,100000,8839,88,0.01,LFU,0,61.429,61.272000000000006,61.586,533194.7823176382,,,,,,
zipf_alpha_1.2,100000,8839,88,0.01,LFU*,0,63.39399999999999,63.232,63.556000000000004,397291.0803031123,,,,,,
zipf_alpha_1.2,100000,8839,88,0.01,ARC,0,61.61,61.443999999999996,61.775999999999996,765319.8786855717,,,,,,
zipf_alpha_1.2,100000,8839,88,0.01,S3-FIFO,0,62.105,61.966,62.244,734166.2385704803,,,,,,
zipf_alpha_1.2,100000,8839,88,0.01,SIEVE,0,61.95,61.534,62.366,1816035.2315227396,,,,,,
zipf_alpha_1.2,100000,8839,88,0.01,Belady,0,66.825,66.85799999999999,66.792,,,,,,,
zipf_alpha_1.2,100000,8839,88,0.01,TIDE-oracle,0,63.117999999999995,63.05,63.186,31630.031597438316,,,,,,
zipf_alpha_1.2,100000,8839,88,0.01,TIDE,0,62.209,62.062,62.356,17592.502368788977,80.792,105.12500000000003,0.20255626456140538,97.71378757627738,78.81668119569191,94.387
zipf_alpha_1.2,100000,8839,88,0.01,TIDE,1,62.242,62.062,62.422,17524.41095946085,80.8365,105.8598900000003,0.21111682679414676,97.45271335284846,90.52015311866697,94.387
zipf_alpha_1.2,100000,8839,88,0.01,TIDE,2,62.367,62.117999999999995,62.61600000000001,20819.025973873602,72.692,101.24396000000017,0.2090029377133871,97.8928339406265,92.59384797898483,94.387
zipf_alpha_1.2,100000,8839,884,0.1,LRU,0,71.872,71.836,71.908,2100242.4288915717,,,,,,
zipf_alpha_1.2,100000,8839,884,0.1,LFU,0,75.157,74.632,75.682,662763.607596935,,,,,,
zipf_alpha_1.2,100000,8839,884,0.1,LFU*,0,76.571,75.564,77.578,549751.7741525355,,,,,,
zipf_alpha_1.2,100000,8839,884,0.1,ARC,0,75.368,74.894,75.842,1163138.6384084942,,,,,,
zipf_alpha_1.2,100000,8839,884,0.1,S3-FIFO,0,75.542,74.72999999999999,76.354,1150543.165683217,,,,,,
zipf_alpha_1.2,100000,8839,884,0.1,SIEVE,0,75.157,74.632,75.682,2494428.320235552,,,,,,
zipf_alpha_1.2,100000,8839,884,0.1,Belady,0,82.094,81.314,82.87400000000001,,,,,,,
zipf_alpha_1.2,100000,8839,884,0.1,TIDE-oracle,0,76.756,76.582,76.92999999999999,43789.69742428212,,,,,,
zipf_alpha_1.2,100000,8839,884,0.1,TIDE,0,75.646,75.006,76.286,33080.68527838,67.406,104.11172000000006,0.16832585849619994,99.42219175399079,65.41474880031339,85.766
zipf_alpha_1.2,100000,8839,884,0.1,TIDE,1,75.62,75.08,76.16000000000001,33727.16451147158,66.1925,83.07394999999998,0.16896742130070333,98.69424882629107,77.53325508607199,85.766
zipf_alpha_1.2,100000,8839,884,0.1,TIDE,2,75.628,75.05,76.20599999999999,34266.15340311085,65.621,82.17261,0.17155840837850475,98.16536203522504,77.37279843444227,85.766
zipf_alpha_1.5,100000,2798,16,0.001,LRU,0,72.816,72.748,72.884,2536980.936885161,,,,,,
zipf_alpha_1.5,100000,2798,16,0.001,LFU,0,79.512,79.41,79.61399999999999,754817.1980678227,,,,,,
zipf_alpha_1.5,100000,2798,16,0.001,LFU*,0,80.935,80.838,81.03200000000001,602326.5066099617,,,,,,
zipf_alpha_1.5,100000,2798,16,0.001,ARC,0,78.11,77.982,78.238,1395496.7598767288,,,,,,
zipf_alpha_1.5,100000,2798,16,0.001,S3-FIFO,0,79.943,79.822,80.06400000000001,1313464.9173145578,,,,,,
zipf_alpha_1.5,100000,2798,16,0.001,SIEVE,0,79.766,79.822,79.71000000000001,3000592.9772609035,,,,,,
zipf_alpha_1.5,100000,2798,16,0.001,Belady,0,82.94200000000001,82.91,82.974,,,,,,,
zipf_alpha_1.5,100000,2798,16,0.001,TIDE-oracle,0,81.43299999999999,81.402,81.464,54445.01351341459,,,,,,
zipf_alpha_1.5,100000,2798,16,0.001,TIDE,0,80.06299999999999,79.786,80.34,30299.73463762021,80.51050000000001,102.90374000000001,0.2342668690752059,86.49400218102508,68.4896401308615,92.862
zipf_alpha_1.5,100000,2798,16,0.001,TIDE,1,80.14,79.834,80.446,29728.158214924664,80.671,103.9818,0.239433216600797,90.35207797185566,73.72830312654,92.862
zipf_alpha_1.5,100000,2798,16,0.001,TIDE,2,80.157,79.78,80.53399999999999,29918.12439433123,80.778,103.03009999999983,0.23637673245913324,91.13230297051409,75.13427600569987,92.862
zipf_alpha_1.5,100000,2798,28,0.01,LRU,0,79.27,79.202,79.338,1993040.8593649878,,,,,,
zipf_alpha_1.5,100000,2798,28,0.01,LFU,0,84.8,84.78999999999999,84.81,571771.3499906689,,,,,,
zipf_alpha_1.5,100000,2798,28,0.01,LFU*,0,85.478,85.458,85.49799999999999,538410.5969498025,,,,,,
zipf_alpha_1.5,100000,2798,28,0.01,ARC,0,83.527,83.474,83.58,1171019.7667557069,,,,,,
zipf_alpha_1.5,100000,2798,28,0.01,S3-FIFO,0,84.494,84.502,84.486,803083.2679607081,,,,,,
zipf_alpha_1.5,100000,2798,28,0.01,SIEVE,0,84.598,84.552,84.64399999999999,2348112.297356527,,,,,,
zipf_alpha_1.5,100000,2798,28,0.01,Belady,0,87.299,87.286,87.312,,,,,,,
zipf_alpha_1.5,100000,2798,28,0.01,TIDE-oracle,0,85.622,85.628,85.616,62764.8056565077,,,,,,
zipf_alpha_1.5,100000,2798,28,0.01,TIDE,0,84.595,84.492,84.698,39149.53550393588,80.4885,102.22234999999999,0.21943257451845208,88.32993593476995,64.57483983692487,90.139
zipf_alpha_1.5,100000,2798,28,0.01,TIDE,1,84.642,84.49799999999999,84.786,38805.66136507318,80.36,101.44731999999999,0.22307298111258583,90.98546278033457,73.24859376141427,90.139
zipf_alpha_1.5,100000,2798,28,0.01,TIDE,2,84.642,84.466,84.818,54463.80474636435,51.312,91.9888799999999,0.22700855959258043,90.79552925706771,74.12521002264592,90.139
zipf_alpha_1.5,100000,2798,280,0.1,LRU,0,93.375,93.384,93.366,2465495.392003984,,,,,,
zipf_alpha_1.5,100000,2798,280,0.1,LFU,0,94.745,94.474,95.016,584007.788843287,,,,,,
zipf_alpha_1.5,100000,2798,280,0.1,LFU*,0,95.03399999999999,94.73,95.338,737742.6311945089,,,,,,
zipf_alpha_1.5,100000,2798,280,0.1,ARC,0,94.686,94.542,94.83,1765920.212198957,,,,,,
zipf_alpha_1.5,100000,2798,280,0.1,S3-FIFO,0,94.702,94.484,94.92,1478692.667084543,,,,,,
zipf_alpha_1.5,100000,2798,280,0.1,SIEVE,0,94.745,94.474,95.016,2968486.370599881,,,,,,
zipf_alpha_1.5,100000,2798,280,0.1,Belady,0,95.94,95.76400000000001,96.116,,,,,,,
zipf_alpha_1.5,100000,2798,280,0.1,TIDE-oracle,0,94.962,94.91000000000001,95.014,124532.09400641824,,,,,,
zipf_alpha_1.5,100000,2798,280,0.1,TIDE,0,94.787,94.572,95.002,166820.02514973938,37.31,82.28837000000001,0.13692903955073413,97.95454545454545,41.03896103896104,62.231
zipf_alpha_1.5,100000,2798,280,0.1,TIDE,1,94.733,94.55799999999999,94.908,138627.2050094129,37.531,84.83502000000001,0.14225480863298384,95.94767070835992,77.05807275047862,62.231
zipf_alpha_1.5,100000,2798,280,0.1,TIDE,2,94.767,94.556,94.978,187433.65106498252,35.7245,72.16103999999997,0.1440822343473969,93.48387096774194,69.70967741935483,62.231
