trace,c,frac,seed,mode,hit,steps
cycle,188,0.01,0,sync,22.1782,12375
cycle,188,0.01,0,async,22.242600000000003,12609
cycle,188,0.01,1,sync,21.5136,12795
cycle,188,0.01,1,async,21.9836,12254
cycle,188,0.01,2,sync,21.9942,12331
cycle,188,0.01,2,async,21.9744,12170
phases,1186,0.01,0,sync,36.894,10543
phases,1186,0.01,0,async,36.8626,10515
phases,1186,0.01,1,sync,41.6638,9878
phases,1186,0.01,1,async,38.4898,10327
phases,1186,0.01,2,sync,43.6112,9541
phases,1186,0.01,2,async,37.5306,10337
msr_hm_0,1556,0.01,0,sync,64.46340000000001,12414
msr_hm_0,1556,0.01,0,async,64.42139999999999,12359
msr_hm_0,1556,0.01,1,sync,64.6914,12222
msr_hm_0,1556,0.01,1,async,64.3208,12429
msr_hm_0,1556,0.01,2,sync,64.47619999999999,12317
msr_hm_0,1556,0.01,2,async,64.5829,12308
twitter_c50,1095,0.01,0,sync,33.0398,28871
twitter_c50,1095,0.01,0,async,33.0861,28868
twitter_c50,1095,0.01,1,sync,33.0305,28867
twitter_c50,1095,0.01,1,async,33.0254,28847
twitter_c50,1095,0.01,2,sync,33.0137,28862
twitter_c50,1095,0.01,2,async,32.9981,28851
meta_reag,3814,0.01,0,sync,54.218599999999995,17588
meta_reag,3814,0.01,0,async,54.19540000000001,17542
meta_reag,3814,0.01,1,sync,53.9977,17813
meta_reag,3814,0.01,1,async,54.015,17825
meta_reag,3814,0.01,2,sync,53.9867,17854
meta_reag,3814,0.01,2,async,53.917899999999996,17858
