trace,inst,n,footprint,c,frac,policy,seed,hit,hit_1st,hit_2nd,req_per_s,p50_us,p99_us,train_share,override_pct,bypass_pct,active_pct
msr_hm_0,0,1000000,155601,15560,0.1,LRB,0,71.6789,71.6114,71.7464,18521.876829766028,,,,,,
msr_hm_0,0,1000000,155601,15560,0.1,Belady,0,79.1983,78.033,80.3636,,,,,,,
msr_hm_0,0,1000000,155601,15560,0.1,TIDE-oracle,0,74.2452,73.6826,74.8078,60692.609702050075,,,,,,
msr_hm_0,0,1000000,155601,15560,0.1,TIDE,0,73.8941,73.0992,74.68900000000001,53523.686447643,22.757,41.18344999999999,0.17551387968203835,98.12937632307442,40.524751669109264,37.344
msr_hm_0,0,1000000,155601,15560,0.1,TIDE,1,73.5917,72.5868,74.5966,51820.584387948715,23.586,43.739669999999954,0.16816271965888233,99.4572620020536,48.30682508748769,31.12
msr_hm_0,0,1000000,155601,15560,0.1,TIDE,2,73.7922,72.8694,74.715,51270.81351639744,23.879,39.785,0.17430264331215617,98.71483118971061,62.727090032154344,37.344
twitter_c50,0,1000000,109456,10946,0.1,LRB,0,65.6673,64.225,67.1096,9677.389861931684,,,,,,
twitter_c50,0,1000000,109456,10946,0.1,Belady,0,81.0347,78.70139999999999,83.368,,,,,,,
twitter_c50,0,1000000,109456,10946,0.1,TIDE-oracle,0,66.41550000000001,65.447,67.384,37701.8971253233,,,,,,
twitter_c50,0,1000000,109456,10946,0.1,TIDE,0,64.7029,60.831999999999994,68.57379999999999,33398.74942874178,24.533,49.642800000000015,0.23342912313414071,98.0696106420458,11.072101075138189,21.892
twitter_c50,0,1000000,109456,10946,0.1,TIDE,1,64.798,61.218399999999995,68.3776,35282.64149595396,25.001,44.58839999999999,0.2286451490822125,97.3638042903157,12.39011983551624,29.9456
twitter_c50,0,1000000,109456,10946,0.1,TIDE,2,64.9844,61.3668,68.60199999999999,32075.699661200135,25.662,43.77271999999997,0.24557799525722893,98.19629196691476,16.041016231892637,17.5136
meta_reag,0,1000000,381431,38143,0.1,LRB,0,58.66479999999999,57.992,59.3376,232307.18235374498,,,,,,
meta_reag,0,1000000,381431,38143,0.1,Belady,0,61.8569,59.9692,63.7446,,,,,,,
meta_reag,0,1000000,381431,38143,0.1,TIDE-oracle,0,59.3484,58.6124,60.0844,42299.19960584836,,,,,,
meta_reag,0,1000000,381431,38143,0.1,TIDE,0,58.001000000000005,57.6632,58.3388,35606.45718705905,24.003,42.105160000000005,0.17765373033157375,71.8058443276755,20.73715646618531,30.5144
meta_reag,0,1000000,381431,38143,0.1,TIDE,1,57.8145,57.6506,57.97839999999999,37008.4861934002,23.186,43.19242999999999,0.18659373681166594,73.12369907820398,47.9869164436515,30.5144
meta_reag,0,1000000,381431,38143,0.1,TIDE,2,57.553399999999996,57.33279999999999,57.774,40993.36780907624,16.169,38.107,0.1680918054924437,98.09166183837065,56.18083007576146,30.5144
msr_hm_0,0,1000000,155601,1556,0.01,LRB,0,63.40559999999999,61.7158,65.0954,14782.267363291106,,,,,,
msr_hm_0,0,1000000,155601,1556,0.01,Belady,0,69.9058,69.7714,70.0402,,,,,,,
msr_hm_0,0,1000000,155601,1556,0.01,TIDE-oracle,0,66.56410000000001,66.4264,66.7018,44480.95794948183,,,,,,
msr_hm_0,0,1000000,155601,1556,0.01,TIDE,0,64.46340000000001,64.91460000000001,64.01219999999999,38582.87773443491,23.364,40.03476999999999,0.20358307500239722,97.30118511639175,38.698996587995396,63.9008
msr_hm_0,0,1000000,155601,1556,0.01,TIDE,1,64.6914,64.8416,64.5412,45089.24213965898,22.558,41.509329999999984,0.20079852127960648,97.51207441416732,54.92665911394669,37.344
msr_hm_0,0,1000000,155601,1556,0.01,TIDE,2,64.47619999999999,64.5132,64.4392,45540.67050294873,23.099,38.19967999999994,0.20283755179609675,97.60841620999932,61.50076836092667,59.128
twitter_c50,0,1000000,109456,1095,0.01,LRB,0,30.675599999999996,27.1428,34.2084,6637.815137261669,,,,,,
twitter_c50,0,1000000,109456,1095,0.01,Belady,0,51.0788,46.889399999999995,55.2682,,,,,,,
twitter_c50,0,1000000,109456,1095,0.01,TIDE-oracle,0,36.5555,33.0186,40.0924,25942.521375393986,,,,,,
twitter_c50,0,1000000,109456,1095,0.01,TIDE,0,33.0398,29.2658,36.8138,24243.212567048464,22.328,43.04165999999998,0.2496582258078795,98.71201028001076,18.86561276633894,4.38
twitter_c50,0,1000000,109456,1095,0.01,TIDE,1,33.0305,29.210399999999996,36.8506,25208.442083009784,23.172,39.43582000000001,0.25553738930530495,98.69658374003095,25.9641709320319,4.38
twitter_c50,0,1000000,109456,1095,0.01,TIDE,2,33.0137,29.2072,36.8202,22935.426610417664,22.99,39.334769999999985,0.2659864670147579,96.62365211242708,32.08119733663308,4.38
meta_reag,0,1000000,381431,3814,0.01,LRB,0,53.5977,53.1654,54.03,254314.47488480253,,,,,,
meta_reag,0,1000000,381431,3814,0.01,Belady,0,59.908300000000004,59.0418,60.7748,,,,,,,
meta_reag,0,1000000,381431,3814,0.01,TIDE-oracle,0,55.566700000000004,54.9824,56.150999999999996,35495.845563608054,,,,,,
meta_reag,0,1000000,381431,3814,0.01,TIDE,0,54.218599999999995,53.3948,55.0424,32551.27106362239,22.825,49.28572000000003,0.20744326437416447,99.46174251203998,20.32759020319864,7.628
meta_reag,0,1000000,381431,3814,0.01,TIDE,1,53.9977,52.965399999999995,55.03,31420.85144234722,24.338,38.851279999999996,0.22801949835528784,95.94296092676223,49.614667190261144,7.628
meta_reag,0,1000000,381431,3814,0.01,TIDE,2,53.9867,52.967200000000005,55.00620000000001,45254.893599124516,13.981,32.34956,0.20654222614016235,99.50823281873119,55.63085655567245,7.628
msr_hm_0,0,1000000,155601,156,0.001,LRB,0,52.7677,51.798,53.7374,13450.635101090895,,,,,,
msr_hm_0,0,1000000,155601,156,0.001,Belady,0,59.6391,59.7608,59.517399999999995,,,,,,,
msr_hm_0,0,1000000,155601,156,0.001,TIDE-oracle,0,57.0153,57.1994,56.8312,42102.718648626025,,,,,,
msr_hm_0,0,1000000,155601,156,0.001,TIDE,0,54.639700000000005,54.872600000000006,54.4068,35588.82156401622,22.742,36.702579999999955,0.2161500245205979,94.71874692753909,47.86709763051814,76.4102
msr_hm_0,0,1000000,155601,156,0.001,TIDE,1,54.667100000000005,54.9366,54.397600000000004,35160.24106684531,22.102,35.586,0.22310675174562036,94.62577586244498,87.89240210938624,53.2102
msr_hm_0,0,1000000,155601,156,0.001,TIDE,2,54.63869999999999,54.856,54.4214,35722.32828903336,22.125,35.436,0.2204168659249754,95.5494483854169,85.53461321336829,54.8102
twitter_c50,0,1000000,109456,109,0.001,LRB,0,11.106,15.883600000000001,6.3284,8705.19844887901,,,,,,
twitter_c50,0,1000000,109456,109,0.001,Belady,0,31.7156,28.0032,35.428,,,,,,,
twitter_c50,0,1000000,109456,109,0.001,TIDE-oracle,0,26.438,22.725,30.151,27924.4597203197,,,,,,
twitter_c50,0,1000000,109456,109,0.001,TIDE,0,24.6005,20.562,28.639,21923.246181769144,22.55,36.814270000000015,0.24125105395457122,35.815507876252546,0.6783384056423859,74.1254
twitter_c50,0,1000000,109456,109,0.001,TIDE,1,24.295,20.4472,28.1428,22657.321631943894,20.805,34.698630000000065,0.2520679563463769,29.113013886601898,5.058181019814479,46.9254
twitter_c50,0,1000000,109456,109,0.001,TIDE,2,24.6156,20.532,28.6992,21619.948548463897,21.73,39.31930000000005,0.22566745360014218,35.008083645955715,0.7859722245029267,88.9254
meta_reag,0,1000000,381431,381,0.001,LRB,0,49.3998,48.986000000000004,49.8136,219698.37914028237,,,,,,
meta_reag,0,1000000,381431,381,0.001,Belady,0,55.304500000000004,54.860200000000006,55.748799999999996,,,,,,,
meta_reag,0,1000000,381431,381,0.001,TIDE-oracle,0,51.918600000000005,51.5058,52.331399999999995,34343.46255266833,,,,,,
meta_reag,0,1000000,381431,381,0.001,TIDE,0,49.978,49.497,50.458999999999996,33107.619896613534,22.661,36.09676000000001,0.2331853100196162,94.92208073860644,9.703504043126685,12.5627
meta_reag,0,1000000,381431,381,0.001,TIDE,1,49.9562,49.4846,50.4278,31953.86114400586,22.23,42.50712999999994,0.2292800242179375,70.35850664310286,19.378609524410642,12.3627
meta_reag,0,1000000,381431,381,0.001,TIDE,2,49.9052,49.446400000000004,50.364,34077.97154507345,22.767,36.08982000000001,0.2241079288829773,96.63997833336154,15.158183387782048,23.5627
msr_hm_0,0,1000000,155601,15560,0.1,LRU,0,71.66,71.6004,71.7196,1003144.5290669787,,,,,,
msr_hm_0,0,1000000,155601,15560,0.1,LFU,0,71.81450000000001,72.4146,71.2144,500731.2626784138,,,,,,
msr_hm_0,0,1000000,155601,15560,0.1,LFU*,0,73.38719999999999,73.423,73.3514,374033.81002837786,,,,,,
msr_hm_0,0,1000000,155601,15560,0.1,ARC,0,74.08059999999999,72.8694,75.2918,810370.9596326126,,,,,,
msr_hm_0,0,1000000,155601,15560,0.1,S3-FIFO,0,74.2222,73.0058,75.4386,1184611.4499553663,,,,,,
msr_hm_0,0,1000000,155601,15560,0.1,SIEVE,0,72.2136,72.4146,72.0126,925059.6521016735,,,,,,
msr_hm_0,0,1000000,155601,15560,0.1,LIRS,0,73.8536,72.8364,74.8708,512633.56377239554,,,,,,
msr_hm_0,0,1000000,155601,15560,0.1,LeCaR,0,71.9438,71.7842,72.1034,389777.47714136296,,,,,,
msr_hm_0,0,1000000,155601,15560,0.1,Cacheus,0,72.5159,72.5894,72.44239999999999,362330.5144487651,,,,,,
twitter_c50,0,1000000,109456,10946,0.1,LRU,0,66.7656,64.064,69.46719999999999,1655703.4264275508,,,,,,
twitter_c50,0,1000000,109456,10946,0.1,LFU,0,25.6088,26.674799999999998,24.5428,674154.3239114428,,,,,,
twitter_c50,0,1000000,109456,10946,0.1,LFU*,0,44.3467,47.1686,41.5248,269193.13200338744,,,,,,
twitter_c50,0,1000000,109456,10946,0.1,ARC,0,65.6224,62.4812,68.7636,787410.603984567,,,,,,
twitter_c50,0,1000000,109456,10946,0.1,S3-FIFO,0,65.69319999999999,62.4212,68.96520000000001,619681.3654685135,,,,,,
twitter_c50,0,1000000,109456,10946,0.1,SIEVE,0,64.74640000000001,60.931400000000004,68.56139999999999,572528.7475774365,,,,,,
twitter_c50,0,1000000,109456,10946,0.1,LIRS,0,65.3139,61.9784,68.6494,351181.6116204181,,,,,,
twitter_c50,0,1000000,109456,10946,0.1,LeCaR,0,66.3826,63.9524,68.8128,516481.58885505266,,,,,,
twitter_c50,0,1000000,109456,10946,0.1,Cacheus,0,63.2978,60.897800000000004,65.6978,197840.13450025127,,,,,,
meta_reag,0,1000000,381431,38143,0.1,LRU,0,58.66479999999999,57.992,59.3376,1434651.1625264687,,,,,,
meta_reag,0,1000000,381431,38143,0.1,LFU,0,52.748,56.8546,48.641400000000004,573782.8562596804,,,,,,
meta_reag,0,1000000,381431,38143,0.1,LFU*,0,56.125800000000005,56.882999999999996,55.3686,346126.073397117,,,,,,
meta_reag,0,1000000,381431,38143,0.1,ARC,0,58.9176,58.191199999999995,59.644,646390.3536221138,,,,,,
meta_reag,0,1000000,381431,38143,0.1,S3-FIFO,0,59.14660000000001,58.3102,59.983,564303.0971952288,,,,,,
meta_reag,0,1000000,381431,38143,0.1,SIEVE,0,58.7757,57.999199999999995,59.5522,179580.07430728202,,,,,,
meta_reag,0,1000000,381431,38143,0.1,LIRS,0,58.006299999999996,57.2496,58.763,278566.3731031516,,,,,,
meta_reag,0,1000000,381431,38143,0.1,LeCaR,0,58.696000000000005,58.0146,59.3774,527714.2611512326,,,,,,
meta_reag,0,1000000,381431,38143,0.1,Cacheus,0,58.7846,58.018800000000006,59.5504,196730.35561493755,,,,,,
msr_hm_0,0,1000000,155601,1556,0.01,LRU,0,61.231700000000004,61.27160000000001,61.19179999999999,1708352.1212209596,,,,,,
msr_hm_0,0,1000000,155601,1556,0.01,LFU,0,56.2804,57.58560000000001,54.9752,637188.0595275904,,,,,,
msr_hm_0,0,1000000,155601,1556,0.01,LFU*,0,62.3128,62.8248,61.8008,379923.1462813373,,,,,,
msr_hm_0,0,1000000,155601,1556,0.01,ARC,0,64.52839999999999,64.6196,64.43719999999999,881820.9785213695,,,,,,
msr_hm_0,0,1000000,155601,1556,0.01,S3-FIFO,0,63.9462,64.0494,63.843,795712.5955016582,,,,,,
msr_hm_0,0,1000000,155601,1556,0.01,SIEVE,0,63.2372,63.4952,62.9792,1598621.5457290816,,,,,,
msr_hm_0,0,1000000,155601,1556,0.01,LIRS,0,63.958999999999996,64.1292,63.7888,325262.96724572283,,,,,,
msr_hm_0,0,1000000,155601,1556,0.01,LeCaR,0,62.1979,62.364799999999995,62.031000000000006,431479.5395829617,,,,,,
msr_hm_0,0,1000000,155601,1556,0.01,Cacheus,0,62.4084,62.1806,62.636199999999995,229705.75575906082,,,,,,
twitter_c50,0,1000000,109456,1095,0.01,LRU,0,28.5731,24.776799999999998,32.3694,989057.004073416,,,,,,
twitter_c50,0,1000000,109456,1095,0.01,LFU,0,4.1272,4.021,4.2334,674130.4220791473,,,,,,
twitter_c50,0,1000000,109456,1095,0.01,LFU*,0,11.050799999999999,12.084399999999999,10.017199999999999,298275.27221524366,,,,,,
twitter_c50,0,1000000,109456,1095,0.01,ARC,0,33.4126,29.7464,37.0788,535893.4877311997,,,,,,
twitter_c50,0,1000000,109456,1095,0.01,S3-FIFO,0,35.0658,30.4082,39.7234,562955.308472128,,,,,,
twitter_c50,0,1000000,109456,1095,0.01,SIEVE,0,30.9614,27.6432,34.2796,1015731.5919848571,,,,,,
twitter_c50,0,1000000,109456,1095,0.01,LIRS,0,24.3989,24.187,24.610799999999998,264138.9408928791,,,,,,
twitter_c50,0,1000000,109456,1095,0.01,LeCaR,0,33.409,29.482000000000003,37.336000000000006,363597.7658163658,,,,,,
twitter_c50,0,1000000,109456,1095,0.01,Cacheus,0,26.7567,23.7852,29.728199999999998,170432.29868449984,,,,,,
meta_reag,0,1000000,381431,3814,0.01,LRU,0,53.5977,53.1654,54.03,1745039.685429132,,,,,,
meta_reag,0,1000000,381431,3814,0.01,LFU,0,42.175200000000004,42.973800000000004,41.3766,557241.3039928551,,,,,,
meta_reag,0,1000000,381431,3814,0.01,LFU*,0,48.3835,48.2226,48.544399999999996,238357.03737698557,,,,,,
meta_reag,0,1000000,381431,3814,0.01,ARC,0,54.4211,53.7226,55.119600000000005,716255.2489233824,,,,,,
meta_reag,0,1000000,381431,3814,0.01,S3-FIFO,0,55.017700000000005,54.230999999999995,55.8044,574784.5855670412,,,,,,
meta_reag,0,1000000,381431,3814,0.01,SIEVE,0,54.4329,53.798,55.0678,1152946.3098481512,,,,,,
meta_reag,0,1000000,381431,3814,0.01,LIRS,0,52.9705,52.221799999999995,53.7192,317796.88504359813,,,,,,
meta_reag,0,1000000,381431,3814,0.01,LeCaR,0,53.6266,53.19819999999999,54.055,343775.32230764604,,,,,,
meta_reag,0,1000000,381431,3814,0.01,Cacheus,0,53.23369999999999,52.876,53.5914,202533.84011350485,,,,,,
msr_hm_0,0,1000000,155601,156,0.001,LRU,0,50.822900000000004,51.1172,50.528600000000004,2034367.5764450554,,,,,,
msr_hm_0,0,1000000,155601,156,0.001,LFU,0,46.643499999999996,46.8586,46.428399999999996,698255.8936357929,,,,,,
msr_hm_0,0,1000000,155601,156,0.001,LFU*,0,50.5259,50.9776,50.074200000000005,301888.4268882041,,,,,,
msr_hm_0,0,1000000,155601,156,0.001,ARC,0,54.7721,55.051399999999994,54.492799999999995,953518.3517519403,,,,,,
msr_hm_0,0,1000000,155601,156,0.001,S3-FIFO,0,54.740100000000005,54.9488,54.5314,858240.751570529,,,,,,
msr_hm_0,0,1000000,155601,156,0.001,SIEVE,0,53.6331,53.8786,53.3876,1894692.2147237083,,,,,,
msr_hm_0,0,1000000,155601,156,0.001,LIRS,0,53.9656,54.2048,53.7264,294948.0737943094,,,,,,
msr_hm_0,0,1000000,155601,156,0.001,LeCaR,0,52.4866,52.7898,52.1834,405654.1029457886,,,,,,
msr_hm_0,0,1000000,155601,156,0.001,Cacheus,0,51.839400000000005,52.135,51.5438,237695.3629032897,,,,,,
twitter_c50,0,1000000,109456,109,0.001,LRU,0,24.7475,20.7102,28.7848,1579484.0563192426,,,,,,
twitter_c50,0,1000000,109456,109,0.001,LFU,0,1.1688,1.1958,1.1418,708413.2006050367,,,,,,
twitter_c50,0,1000000,109456,109,0.001,LFU*,0,2.5894,2.8771999999999998,2.3015999999999996,359805.9810292932,,,,,,
twitter_c50,0,1000000,109456,109,0.001,ARC,0,24.7422,20.7162,28.7682,625097.1533809764,,,,,,
twitter_c50,0,1000000,109456,109,0.001,S3-FIFO,0,16.1313,15.866,16.3966,605418.5651759749,,,,,,
twitter_c50,0,1000000,109456,109,0.001,SIEVE,0,13.2195,12.236600000000001,14.2024,1514545.5982391424,,,,,,
twitter_c50,0,1000000,109456,109,0.001,LIRS,0,1.2958,1.1547999999999998,1.4368,263824.43488288205,,,,,,
twitter_c50,0,1000000,109456,109,0.001,LeCaR,0,24.746299999999998,20.7094,28.783199999999997,373227.80813701835,,,,,,
twitter_c50,0,1000000,109456,109,0.001,Cacheus,0,24.7272,20.694000000000003,28.760400000000004,225766.30045281583,,,,,,
meta_reag,0,1000000,381431,381,0.001,LRU,0,49.3998,48.986000000000004,49.8136,1562853.2512321565,,,,,,
meta_reag,0,1000000,381431,381,0.001,LFU,0,36.9792,36.2962,37.6622,728200.4514703531,,,,,,
meta_reag,0,1000000,381431,381,0.001,LFU*,0,41.565400000000004,41.317,41.8138,378109.3566777813,,,,,,
meta_reag,0,1000000,381431,381,0.001,ARC,0,50.0846,49.632799999999996,50.5364,918462.715608875,,,,,,
meta_reag,0,1000000,381431,381,0.001,S3-FIFO,0,49.4998,49.0096,49.99,781934.3813475692,,,,,,
meta_reag,0,1000000,381431,381,0.001,SIEVE,0,49.5052,49.0328,49.9776,1146183.80577658,,,,,,
meta_reag,0,1000000,381431,381,0.001,LIRS,0,46.484500000000004,45.7684,47.2006,392177.98975789186,,,,,,
meta_reag,0,1000000,381431,381,0.001,LeCaR,0,49.462,49.0502,49.8738,585911.2021994427,,,,,,
meta_reag,0,1000000,381431,381,0.001,Cacheus,0,49.021300000000004,48.581,49.4616,272545.0422736474,,,,,,
