trace,n,c,policy,req_per_s,p50_us,p99_us,p999_us,dec_p50_us,dec_p99_us,train_pct,steps
msr_hm_0,500000,1031,ARC,2487413.9713546326,0.162,0.965,3.143006000000285,0.0,0.0,0.0,0
msr_hm_0,500000,1031,TIDE-ref,128143.17755022738,2.565,133.4882100000002,183.3420080000004,12.572,30.98975,22.881103800261812,6346
msr_hm_0,500000,1031,TIDE-fast,149562.26168101488,2.494,87.25405000000005,134.26400900000044,5.693,10.491629999999997,19.172329461550753,6333
msr_hm_0,500000,1031,TIDE-async,154981.5810016873,2.9,25.811020000000017,64.12610000000475,6.372,15.987440000000003,99.57285300181141,6292
twitter_c50,500000,806,ARC,1098843.268350801,0.794,1.801,4.269029000001377,0.0,0.0,0.0,0
twitter_c50,500000,806,TIDE-ref,48420.291908224004,14.147,219.34112000000013,410.7673450000164,19.934,32.385299999999866,29.4493474314555,14665
twitter_c50,500000,806,TIDE-fast,83363.16185362272,9.618,112.18701,125.2350020000001,5.94,11.027220000000016,23.75548078264627,14665
twitter_c50,500000,806,TIDE-async,108384.52323165305,9.425,20.764,58.18408800000418,6.16,10.570999999999989,99.70314341835076,14667
meta_reag,500000,2002,ARC,1648826.6807535046,0.28,1.045,5.034011000000523,0.0,0.0,0.0,0
meta_reag,500000,2002,TIDE-ref,81207.40340669539,7.157,186.83115000000012,221.8550570000027,17.7325,27.770469999999982,26.742161050203997,9142
meta_reag,500000,2002,TIDE-fast,122412.37094818718,4.9864999999999995,95.94,110.61000500000024,5.845,9.871279999999999,19.74925120986352,9141
meta_reag,500000,2002,TIDE-async,144539.38522312525,5.122,17.547020000000018,62.74410400000494,6.3995,10.751350000000013,99.55876005119005,9140
